Plate,Experiment,Group,Filename,Sample,Workspace,Compensation Source,Plot Title,Gate,Description,X Parameter,Y Parameter,Count,Volume,Concentration,%Total,%Gated,X Mean,Y Mean,X Median,Y Median,X Peak,Y Peak,X SD,Y SD,X %CV,Y %CV,X rSD,Y rSD,X %rCV,Y %rCV
NA,Expt 1,Group,NS.fcs,NS,Experiment,Experiment,N/A,All Events,,N/A,N/A,20497,1,20497,100,100,N/A,N/A,N/A,N/A,N/A,N/A,N/A,N/A,N/A,N/A,N/A,N/A,N/A,N/A
NA,Expt 1,Group,NS.fcs,NS,Experiment,Experiment,,R1,,BL1-H,YL1-H,20000,1,20000,97.575,97.575,342,145,173,112,168,97,585.06,150.88,171.25,103.86,128.99,63.75,74.56,56.92
NA,Expt 1,Group,NS.fcs,NS,Experiment,Experiment,,R1,,FSC-H,SSC-H,20000,1,20000,97.575,97.575,10410,1866,3151,458,2772,104,24410.67,5305.73,234.49,284.31,2370.68,449.23,75.24,98.08
NA,Expt 1,Group,NS.fcs,NS,Experiment,Experiment,,R1,,YL1-H,,20000,1,20000,97.575,97.575,145,N/A,112,N/A,97,N/A,150.88,N/A,103.86,N/A,63.75,N/A,56.92,N/A
NA,Expt 1,Group,NS.fcs,NS,Experiment,Experiment,,R7,,BL1-H,,1470,1,1470,7.172,7.35,1894,N/A,1496,N/A,900,N/A,1292.17,N/A,68.22,N/A,667.17,N/A,44.61,N/A
NA,Expt 1,Group,NS.fcs,NS,Experiment,Experiment,,R1,,BL1-H,,20000,1,20000,97.575,97.575,342,N/A,173,N/A,168,N/A,585.06,N/A,171.25,N/A,128.99,N/A,74.56,N/A
NA,Expt 1,Group,NS.fcs,NS,Experiment,Experiment,,R1,,BL1-H,SSC-H,20000,1,20000,97.575,97.575,342,1866,173,458,168,104,585.06,5305.73,171.25,284.31,128.99,449.23,74.56,98.08
NA,Expt 1,Group,NS.fcs,NS,Experiment,Experiment,,R2,IgA+,BL1-H,YL1-H,9,1,9,0.044,0.045,642,1246,393,753,81,414,805.95,1486.45,125.54,119.34,278.73,143.81,70.92,19.1
NA,Expt 1,Group,PE.fcs,PE,Experiment,Experiment,,R2,IgA+,BL1-H,YL1-H,1188,2,594,1.177,1.188,953,2992,536,2572,330,2563,980.21,2200.22,102.81,73.54,415.87,1681.27,77.59,65.37
NA,Expt 1,Group,SYTOX.fcs,SYTOX,Experiment,Experiment,,R2,IgA+,BL1-H,YL1-H,7,1,7,0.007,0.007,2207,1733,2387,1643,29,1643,1412.89,835.64,64.02,48.22,1854.73,905.87,77.7,55.14
NA,Expt 1,Group,NS.fcs,NS,Experiment,Experiment,,R1,,BL1-H,YL1-H,20000,1,20000,97.575,97.575,342,145,173,112,168,97,585.06,150.88,171.25,103.86,128.99,63.75,74.56,56.92
NA,Expt 1,Group,IgG Iso.fcs,IgG Iso,Experiment,Experiment,,R2,IgA+,BL1-H,YL1-H,100,1,100,0.098,0.1,1562,2085,901,1372,2618,1353,1450.69,3401.89,92.85,163.2,1186.82,874.73,131.72,63.76
NA,Expt 1,Group,NS.fcs,NS,Experiment,Experiment,,R7,,FSC-H,SSC-H,1470,1,1470,7.172,7.172,69865,9700,50929,4989,23239,2886,55133.39,11642.9,78.91,120.03,41764.84,5137.95,82.01,103
NA,Expt 1,Group,Sample 1.fcs,Sample 1,Experiment,Experiment,,R2,IgA+,BL1-H,YL1-H,1963,4,490.75,0.955,0.982,1402,3761,848,2999,1197,6244,1269.07,2952.23,90.5,78.49,730.92,2564.9,86.19,85.53
NA,Expt 1,Group,NS.fcs,NS,Experiment,Experiment,,R1,,BL1-H,YL1-H,20000,1,20000,97.575,97.575,342,145,173,112,168,97,585.06,150.88,171.25,103.86,128.99,63.75,74.56,56.92
NA,Expt 1,Group,PE.fcs,PE,Experiment,Experiment,N/A,All Events,,N/A,N/A,100925,2,50462.5,100,100,N/A,N/A,N/A,N/A,N/A,N/A,N/A,N/A,N/A,N/A,N/A,N/A,N/A,N/A
NA,Expt 1,Group,PE.fcs,PE,Experiment,Experiment,,R1,,BL1-H,YL1-H,100000,2,50000,99.083,99.083,295,168,158,105,157,92,480.04,415.87,162.9,247.66,114.16,60.79,72.25,57.89
NA,Expt 1,Group,PE.fcs,PE,Experiment,Experiment,,R1,,FSC-H,SSC-H,100000,2,50000,99.083,99.083,7789,1150,2874,368,2589,105,18839.08,3430.86,241.86,298.33,2040.06,341,70.98,92.66
NA,Expt 1,Group,PE.fcs,PE,Experiment,Experiment,,R1,,YL1-H,,100000,2,50000,99.083,99.083,168,N/A,105,N/A,92,N/A,415.87,N/A,247.66,N/A,60.79,N/A,57.89,N/A
NA,Expt 1,Group,PE.fcs,PE,Experiment,Experiment,,R7,,BL1-H,,5660,2,2830,5.608,5.66,1789,N/A,1435,N/A,902,N/A,1109.99,N/A,62.04,N/A,613.06,N/A,42.74,N/A
NA,Expt 1,Group,PE.fcs,PE,Experiment,Experiment,,R1,,BL1-H,,100000,2,50000,99.083,99.083,295,N/A,158,N/A,157,N/A,480.04,N/A,162.9,N/A,114.16,N/A,72.25,N/A
NA,Expt 1,Group,PE.fcs,PE,Experiment,Experiment,,R1,,BL1-H,SSC-H,100000,2,50000,99.083,99.083,295,1150,158,368,157,105,480.04,3430.86,162.9,298.33,114.16,341,72.25,92.66
NA,Expt 1,Group,Sample 2.fcs,Sample 2,Experiment,Experiment,,R2,IgA+,BL1-H,YL1-H,3268,4,817,1.625,1.634,528,3601,311,1681,232,1504,663.79,4670.69,125.6,129.69,246.85,1444.05,79.37,85.9
NA,Expt 1,Group,Sample 3.fcs,Sample 3,Experiment,Experiment,,R2,IgA+,BL1-H,YL1-H,626,6,104.333,0.31,0.313,1127,2149,664,1433,301,1162,1191.64,2385.34,105.75,110.99,735.37,932.56,110.83,65.1
NA,Expt 1,Group,Sample 4.fcs,Sample 4,Experiment,Experiment,,R2,IgA+,BL1-H,YL1-H,143,5,28.6,0.071,0.071,615,1815,228,766,91,440,894.86,2881.46,145.59,158.78,234.25,490.74,102.74,64.07
NA,Expt 1,Group,PE.fcs,PE,Experiment,Experiment,,R1,,BL1-H,YL1-H,100000,2,50000,99.083,99.083,295,168,158,105,157,92,480.04,415.87,162.9,247.66,114.16,60.79,72.25,57.89
NA,Expt 1,Group,Sample 6.fcs,Sample 6,Experiment,Experiment,,R2,IgA+,BL1-H,YL1-H,500,6,83.333,0.164,0.167,592,2199,277,962,128,541,829.12,3263.27,140.01,148.4,255.75,624.17,92.49,64.88
NA,Expt 1,Group,PE.fcs,PE,Experiment,Experiment,,R7,,FSC-H,SSC-H,5660,2,2830,5.608,5.608,59190,6083,39980,3262,27312,1724,50001.03,7828.22,84.48,128.7,30652.01,2697.59,76.67,82.7
NA,Expt 1,Group,Sample 5.fcs,Sample 5,Experiment,Experiment,,R2,IgA+,BL1-H,YL1-H,1018,5,203.6,0.492,0.509,981,1759,479,1232,301,1980,1112.45,1957.35,113.38,111.28,553.75,819.88,115.73,66.58
NA,Expt 1,Group,PE.fcs,PE,Experiment,Experiment,,R1,,BL1-H,YL1-H,100000,2,50000,99.083,99.083,295,168,158,105,157,92,480.04,415.87,162.9,247.66,114.16,60.79,72.25,57.89
NA,Expt 1,Group,SYTOX.fcs,SYTOX,Experiment,Experiment,N/A,All Events,,N/A,N/A,101799,1,101799,100,100,N/A,N/A,N/A,N/A,N/A,N/A,N/A,N/A,N/A,N/A,N/A,N/A,N/A,N/A
NA,Expt 1,Group,SYTOX.fcs,SYTOX,Experiment,Experiment,,R1,,BL1-H,YL1-H,100000,1,100000,98.233,98.233,1097,161,513,121,561,97,2170.1,160.98,197.84,100.13,508.53,69.68,99.13,57.59
NA,Expt 1,Group,SYTOX.fcs,SYTOX,Experiment,Experiment,,R1,,FSC-H,SSC-H,100000,1,100000,98.233,98.233,11364,1524,3866,498,2806,374,24647.1,4181.37,216.89,274.42,3135.7,455.16,81.11,91.4
NA,Expt 1,Group,SYTOX.fcs,SYTOX,Experiment,Experiment,,R1,,YL1-H,,100000,1,100000,98.233,98.233,161,N/A,121,N/A,97,N/A,160.98,N/A,100.13,N/A,69.68,N/A,57.59,N/A
NA,Expt 1,Group,SYTOX.fcs,SYTOX,Experiment,Experiment,,R7,,BL1-H,,30182,1,30182,29.649,30.182,2747,N/A,1712,N/A,1044,N/A,2768.56,N/A,100.79,N/A,959.24,N/A,56.03,N/A
NA,Expt 1,Group,SYTOX.fcs,SYTOX,Experiment,Experiment,,R1,,BL1-H,,100000,1,100000,98.233,98.233,1097,N/A,513,N/A,561,N/A,2170.1,N/A,197.84,N/A,508.53,N/A,99.13,N/A
NA,Expt 1,Group,SYTOX.fcs,SYTOX,Experiment,Experiment,,R1,,BL1-H,SSC-H,100000,1,100000,98.233,98.233,1097,1524,513,498,561,374,2170.1,4181.37,197.84,274.42,508.53,455.16,99.13,91.4
NA,Expt 1,Group,Sample 7.fcs,Sample 7,Experiment,Experiment,,R2,IgA+,BL1-H,YL1-H,6663,11,605.727,1.528,1.547,685,2818,374,2455,318,2776,763.41,2001.07,111.51,71.02,323.21,1722.78,86.42,70.17
NA,Expt 1,Group,,Sample 8,Experiment,Experiment,,R2,IgA+,BL1-H,YL1-H,10961,8,1370.125,1.98,1.99,926,2514,498,1852,349,1631,1009.48,2567.38,109.07,102.14,406.23,1229.08,81.57,66.36
NA,Expt 1,Group,,Sample 9,Experiment,Experiment,,R2,IgA+,BL1-H,YL1-H,10676,3,3558.667,5.29,5.338,1096,2284,603,1370,633,1089,1157.75,2795.14,105.64,122.37,657.53,1014.1,109.13,74.02
NA,Expt 1,Group,SYTOX.fcs,SYTOX,Experiment,Experiment,,R1,,BL1-H,YL1-H,100000,1,100000,98.233,98.233,1097,161,513,121,561,97,2170.1,160.98,197.84,100.13,508.53,69.68,99.13,57.59
NA,Expt 1,Group,,Sample 10,Experiment,Experiment,,R2,IgA+,BL1-H,YL1-H,1261,5,252.2,0.626,0.63,1181,4299,810,1827,775,2230,1115.82,7212.99,94.51,167.8,750.2,1605.66,92.62,87.88
NA,Expt 1,Group,SYTOX.fcs,SYTOX,Experiment,Experiment,,R7,,FSC-H,SSC-H,30182,1,30182,29.649,29.649,28979,3612,14047,1442,8994,926,38731.54,6606.7,133.65,182.92,12012.02,1113.43,85.51,77.21
NA,Expt 1,Group,,Sample 11,Experiment,Experiment,,R2,IgA+,BL1-H,YL1-H,2634,4,658.5,1.298,1.317,1246,1614,1061,1452,1045,1371,762.16,1037.68,61.16,64.29,468.5,512.98,44.16,35.33
NA,Expt 1,Group,SYTOX.fcs,SYTOX,Experiment,Experiment,,R1,,BL1-H,YL1-H,100000,1,100000,98.233,98.233,1097,161,513,121,561,97,2170.1,160.98,197.84,100.13,508.53,69.68,99.13,57.59
NA,Expt 1,Group,IgG Iso.fcs,IgG Iso,Experiment,Experiment,N/A,All Events,,N/A,N/A,101716,1,101716,100,100,N/A,N/A,N/A,N/A,N/A,N/A,N/A,N/A,N/A,N/A,N/A,N/A,N/A,N/A
NA,Expt 1,Group,IgG Iso.fcs,IgG Iso,Experiment,Experiment,,R1,,BL1-H,YL1-H,100000,1,100000,98.313,98.313,273,133,153,104,157,87,472.48,364.55,173.13,274.22,103.78,57.82,67.83,55.6
NA,Expt 1,Group,IgG Iso.fcs,IgG Iso,Experiment,Experiment,,R1,,FSC-H,SSC-H,100000,1,100000,98.313,98.313,8286,1605,2834,384,2386,105,21695.2,5110.8,261.84,318.39,1912.55,357.31,67.49,93.05
NA,Expt 1,Group,IgG Iso.fcs,IgG Iso,Experiment,Experiment,,R1,,YL2-H,BL2-H,100000,1,100000,98.313,98.313,254,309,191,151,0,96,388.08,984.78,152.76,318.69,121.57,112.68,63.65,74.62
NA,Expt 1,Group,IgG Iso.fcs,IgG Iso,Experiment,Experiment,,R1,,YL1-H,,100000,1,100000,98.313,98.313,133,N/A,104,N/A,87,N/A,364.55,N/A,274.22,N/A,57.82,N/A,55.6,N/A
NA,Expt 1,Group,IgG Iso.fcs,IgG Iso,Experiment,Experiment,,R7,,BL1-H,,4644,1,4644,4.566,4.644,1904,N/A,1489,N/A,912,N/A,1234.06,N/A,64.82,N/A,687.19,N/A,46.17,N/A
NA,Expt 1,Group,IgG Iso.fcs,IgG Iso,Experiment,Experiment,,R1,,BL1-H,,100000,1,100000,98.313,98.313,273,N/A,153,N/A,157,N/A,472.48,N/A,173.13,N/A,103.78,N/A,67.83,N/A
NA,Expt 1,Group,IgG Iso.fcs,IgG Iso,Experiment,Experiment,,R1,,BL1-H,SSC-H,100000,1,100000,98.313,98.313,273,1605,153,384,157,105,472.48,5110.8,173.13,318.39,103.78,357.31,67.83,93.05
NA,Expt 1,Group,,Sample 12,Experiment,Experiment,,R2,IgA+,BL1-H,YL1-H,2142,4,535.5,1.066,1.071,1424,7462,1277,7264,1408,8191,922.93,4118.11,64.8,55.19,682,4218,53.41,58.07
NA,Expt 1,Group,,Sample 13,Experiment,Experiment,,R2,IgA+,BL1-H,YL1-H,1522,2,761,0.752,0.761,1479,5071,1238,2718,1530,1567,1146.3,7306.81,77.49,144.08,1002.98,2553.78,81.05,93.98
NA,Expt 1,Group,,Sample 14,Experiment,Experiment,,R2,IgA+,BL1-H,YL1-H,1856,5,371.2,0.923,0.928,953,7429,736,7257,668,7849,781.13,4579.79,81.93,61.64,371.39,3973.37,50.46,54.76
NA,Expt 1,Group,IgG Iso.fcs,IgG Iso,Experiment,Experiment,,R1,,BL1-H,YL1-H,100000,1,100000,98.313,98.313,273,133,153,104,157,87,472.48,364.55,173.13,274.22,103.78,57.82,67.83,55.6
NA,Expt 1,Group,Buffer.fcs,Buffer,Experiment,Experiment,,R2,IgA+,BL1-H,YL1-H,1372,31,44.258,0.156,0.156,392,2834,222,1421,134,787,515.87,6487.94,131.6,228.91,172.72,1322.48,77.98,93.1
NA,Expt 1,Group,IgG Iso.fcs,IgG Iso,Experiment,Experiment,,R7,,FSC-H,SSC-H,4644,1,4644,4.566,4.566,76100,10943,53186,5978,25873,13522,59728.45,12532.12,78.49,114.52,45522.49,6417.43,85.59,107.36
NA,Expt 1,Group,NS.fcs,NS,Experiment,Experiment,,R3,,FSC-H,SSC-H,1453,1,1453,7.089,98.844,68689,9191,50647,4928,23239,2886,53675.67,10542.14,78.14,114.7,41234.07,5037.87,81.41,102.23
NA,Expt 1,Group,IgG Iso.fcs,IgG Iso,Experiment,Experiment,,R1,,BL1-H,YL1-H,100000,1,100000,98.313,98.313,273,133,153,104,157,87,472.48,364.55,173.13,274.22,103.78,57.82,67.83,55.6
NA,Expt 1,Group,Sample 1.fcs,Sample 1,Experiment,Experiment,N/A,All Events,,N/A,N/A,205610,4,51402.5,100,100,N/A,N/A,N/A,N/A,N/A,N/A,N/A,N/A,N/A,N/A,N/A,N/A,N/A,N/A
NA,Expt 1,Group,Sample 1.fcs,Sample 1,Experiment,Experiment,,R1,,BL1-H,YL1-H,200000,4,50000,97.272,97.272,432,185,182,104,157,86,959.31,567.52,222.07,306.14,154.19,60.79,84.72,58.45
NA,Expt 1,Group,Sample 1.fcs,Sample 1,Experiment,Experiment,,R1,,FSC-H,SSC-H,200000,4,50000,97.272,97.272,8593,1274,2852,311,2696,105,22760.4,4624.13,264.86,362.94,1988.17,275.76,69.71,88.67
NA,Expt 1,Group,Sample 1.fcs,Sample 1,Experiment,Experiment,,R1,,YL1-H,,200000,4,50000,97.272,97.272,185,N/A,104,N/A,86,N/A,567.52,N/A,306.14,N/A,60.79,N/A,58.45,N/A
NA,Expt 1,Group,Sample 1.fcs,Sample 1,Experiment,Experiment,,R7,,BL1-H,,18656,4,4664,9.073,9.328,2450,N/A,1593,N/A,925,N/A,2246.21,N/A,91.69,N/A,856.94,N/A,53.79,N/A
NA,Expt 1,Group,Sample 1.fcs,Sample 1,Experiment,Experiment,,R1,,BL1-H,,200000,4,50000,97.272,97.272,432,N/A,182,N/A,157,N/A,959.31,N/A,222.07,N/A,154.19,N/A,84.72,N/A
NA,Expt 1,Group,Sample 1.fcs,Sample 1,Experiment,Experiment,,R1,,BL1-H,SSC-H,200000,4,50000,97.272,97.272,432,1274,182,311,157,105,959.31,4624.13,222.07,362.94,154.19,275.76,84.72,88.67
NA,Expt 1,Group,PE.fcs,PE,Experiment,Experiment,,R3,,FSC-H,SSC-H,5651,2,2825.5,5.599,99.841,59022,6002,39827,3259,27312,1724,49784.58,7520.95,84.35,125.31,30553.42,2692.4,76.72,82.61
NA,Expt 1,Group,SYTOX.fcs,SYTOX,Experiment,Experiment,,R3,,FSC-H,SSC-H,29986,1,29986,29.456,99.351,28974,3551,14142,1448,8994,926,38452.64,6276.43,132.71,176.76,12027.59,1114.92,85.05,77
NA,Expt 1,Group,IgG Iso.fcs,IgG Iso,Experiment,Experiment,,R3,,FSC-H,SSC-H,4591,1,4591,4.514,98.859,74590,10368,52418,5801,25873,13522,58307.06,11374.36,78.17,109.71,44497.27,6175.03,84.89,106.45
NA,Expt 1,Group,Sample 1.fcs,Sample 1,Experiment,Experiment,,R1,,BL1-H,YL1-H,200000,4,50000,97.272,97.272,432,185,182,104,157,86,959.31,567.52,222.07,306.14,154.19,60.79,84.72,58.45
NA,Expt 1,Group,Sample 1.fcs,Sample 1,Experiment,Experiment,,R3,,FSC-H,SSC-H,18576,4,4644,9.035,99.571,50796,5584,28099,2282,19186,1165,52636.97,8604.04,103.62,154.08,23637.09,1918.48,84.12,84.07
NA,Expt 1,Group,Sample 1.fcs,Sample 1,Experiment,Experiment,,R7,,FSC-H,SSC-H,18656,4,4664,9.073,9.073,51147,5786,28163,2293,19186,1165,53123.45,9247.23,103.86,159.81,23748.29,1936.28,84.33,84.44
NA,Expt 1,Group,Sample 2.fcs,Sample 2,Experiment,Experiment,,R3,,FSC-H,SSC-H,11394,4,2848.5,5.664,99.711,40639,4023,25241,1888,21385,1333,41001.2,6227.21,100.89,154.79,15072.11,1340.27,59.71,70.99
NA,Expt 1,Group,Sample 1.fcs,Sample 1,Experiment,Experiment,,R1,,BL1-H,YL1-H,200000,4,50000,97.272,97.272,432,185,182,104,157,86,959.31,567.52,222.07,306.14,154.19,60.79,84.72,58.45
NA,Expt 1,Group,Sample 2.fcs,Sample 2,Experiment,Experiment,N/A,All Events,,N/A,N/A,201153,4,50288.25,100,100,N/A,N/A,N/A,N/A,N/A,N/A,N/A,N/A,N/A,N/A,N/A,N/A,N/A,N/A
NA,Expt 1,Group,Sample 2.fcs,Sample 2,Experiment,Experiment,,R1,,BL1-H,YL1-H,200000,4,50000,99.427,99.427,299,168,167,93,157,86,659.13,760.96,220.08,454.01,124.54,51.89,74.57,55.8
NA,Expt 1,Group,Sample 2.fcs,Sample 2,Experiment,Experiment,,R1,,FSC-H,SSC-H,200000,4,50000,99.427,99.427,5687,670,2530,253,2261,105,14096.94,2300.32,247.88,343.45,1567.11,197.19,61.94,77.94
NA,Expt 1,Group,Sample 2.fcs,Sample 2,Experiment,Experiment,,R1,,YL1-H,,200000,4,50000,99.427,99.427,168,N/A,93,N/A,86,N/A,760.96,N/A,454.01,N/A,51.89,N/A,55.8,N/A
NA,Expt 1,Group,Sample 2.fcs,Sample 2,Experiment,Experiment,,R7,,BL1-H,,11427,4,2856.75,5.681,5.713,1773,N/A,1317,N/A,1003,N/A,1773.35,N/A,100.04,N/A,464.05,N/A,35.24,N/A
NA,Expt 1,Group,Sample 2.fcs,Sample 2,Experiment,Experiment,,R1,,BL1-H,,200000,4,50000,99.427,99.427,299,N/A,167,N/A,157,N/A,659.13,N/A,220.08,N/A,124.54,N/A,74.57,N/A
NA,Expt 1,Group,Sample 2.fcs,Sample 2,Experiment,Experiment,,R1,,BL1-H,SSC-H,200000,4,50000,99.427,99.427,299,670,167,253,157,105,659.13,2300.32,220.08,343.45,124.54,197.19,74.57,77.94
NA,Expt 1,Group,Sample 3.fcs,Sample 3,Experiment,Experiment,,R3,,FSC-H,SSC-H,12593,6,2098.833,6.233,98.815,36315,4563,18807,1910,14640,1949,44487.94,7416.64,122.5,162.55,16000.22,1782.09,85.08,93.3
NA,Expt 1,Group,Sample 4.fcs,Sample 4,Experiment,Experiment,,R3,,FSC-H,SSC-H,7471,5,1494.2,3.696,98.445,43006,7001,21104,3037,15907,4095,51640.36,9995.73,120.08,142.77,23158.21,3503.38,109.73,115.36
NA,Expt 1,Group,Sample 6.fcs,Sample 6,Experiment,Experiment,,R3,,FSC-H,SSC-H,17114,6,2852.333,5.603,99.229,55036,6675,30326,2840,24825,1164,55907.03,9192.26,101.58,137.72,27204.23,3014.87,89.71,106.18
NA,Expt 1,Group,Sample 2.fcs,Sample 2,Experiment,Experiment,,R1,,BL1-H,YL1-H,200000,4,50000,99.427,99.427,299,168,167,93,157,86,659.13,760.96,220.08,454.01,124.54,51.89,74.57,55.8
NA,Expt 1,Group,Sample 5.fcs,Sample 5,Experiment,Experiment,,R3,,FSC-H,SSC-H,17903,5,3580.6,8.658,99.29,51547,6663,26112,2334,20264,715,52668.54,10320.24,102.18,154.88,19485.81,2690.92,74.62,115.29
NA,Expt 1,Group,Sample 2.fcs,Sample 2,Experiment,Experiment,,R7,,FSC-H,SSC-H,11427,4,2856.75,5.681,5.681,40895,4147,25266,1891,21385,1333,41492.21,6805.68,101.46,164.12,15140.31,1343.24,59.92,71.03
NA,Expt 1,Group,Sample 7.fcs,Sample 7,Experiment,Experiment,,R3,,FSC-H,SSC-H,9219,11,838.091,2.115,99.172,95858,8391,84348,4940,133163,2321,62752.73,9556.44,65.46,113.89,68361.2,4668.71,81.05,94.51
NA,Expt 1,Group,Sample 2.fcs,Sample 2,Experiment,Experiment,,R1,,BL1-H,YL1-H,200000,4,50000,99.427,99.427,299,168,167,93,157,86,659.13,760.96,220.08,454.01,124.54,51.89,74.57,55.8
NA,Expt 1,Group,Sample 3.fcs,Sample 3,Experiment,Experiment,N/A,All Events,,N/A,N/A,202050,6,33675,100,100,N/A,N/A,N/A,N/A,N/A,N/A,N/A,N/A,N/A,N/A,N/A,N/A,N/A,N/A
NA,Expt 1,Group,Sample 3.fcs,Sample 3,Experiment,Experiment,,R1,,BL1-H,YL1-H,200000,6,33333.333,98.985,98.985,333,125,128,91,87,87,1083.82,258.98,325.91,206.49,96.37,51.89,75.29,57.02
NA,Expt 1,Group,Sample 3.fcs,Sample 3,Experiment,Experiment,,R1,,FSC-H,SSC-H,200000,6,33333.333,98.985,98.985,5191,841,2275,181,2261,105,15018.51,3410.85,289.3,405.36,1326.93,108.23,58.33,59.8
NA,Expt 1,Group,Sample 3.fcs,Sample 3,Experiment,Experiment,,R1,,YL1-H,,200000,6,33333.333,98.985,98.985,125,N/A,91,N/A,87,N/A,258.98,N/A,206.49,N/A,51.89,N/A,57.02,N/A
NA,Expt 1,Group,Sample 3.fcs,Sample 3,Experiment,Experiment,,R7,,BL1-H,,12744,6,2124,6.307,6.372,2529,N/A,1563,N/A,925,N/A,2963.58,N/A,117.16,N/A,787.26,N/A,50.37,N/A
NA,Expt 1,Group,Sample 3.fcs,Sample 3,Experiment,Experiment,,R1,,BL1-H,,200000,6,33333.333,98.985,98.985,333,N/A,128,N/A,87,N/A,1083.82,N/A,325.91,N/A,96.37,N/A,75.29,N/A
NA,Expt 1,Group,Sample 3.fcs,Sample 3,Experiment,Experiment,,R1,,BL1-H,SSC-H,200000,6,33333.333,98.985,98.985,333,841,128,181,87,105,1083.82,3410.85,325.91,405.36,96.37,108.23,75.29,59.8
NA,Expt 1,Group,,Sample 8,Experiment,Experiment,,R3,,FSC-H,SSC-H,63558,8,7944.75,11.482,99.758,28001,2695,15378,1254,10441,964,36031.7,4628.46,128.68,171.74,9804.43,859.91,63.76,68.57
NA,Expt 1,Group,,Sample 9,Experiment,Experiment,,R3,,FSC-H,SSC-H,17684,3,5894.667,8.762,98.893,35490,5271,19942,2508,20290,2293,42882.69,7515.08,120.83,142.58,20042.53,2690.18,100.51,107.29
NA,Expt 1,Group,,Sample 10,Experiment,Experiment,,R3,,FSC-H,SSC-H,20875,5,4175,10.361,99.06,21749,3081,12720,1075,10295,864,28868.82,6651.22,132.74,215.86,8652.45,741.3,68.02,68.96
NA,Expt 1,Group,Sample 3.fcs,Sample 3,Experiment,Experiment,,R1,,BL1-H,YL1-H,200000,6,33333.333,98.985,98.985,333,125,128,91,87,87,1083.82,258.98,325.91,206.49,96.37,51.89,75.29,57.02
NA,Expt 1,Group,,Sample 11,Experiment,Experiment,,R3,,FSC-H,SSC-H,53295,4,13323.75,26.263,98.964,17755,3073,9658,841,9240,633,26736.89,7542.05,150.59,245.41,6477.48,702.75,67.07,83.56
NA,Expt 1,Group,Sample 3.fcs,Sample 3,Experiment,Experiment,,R7,,FSC-H,SSC-H,12744,6,2124,6.307,6.307,36436,4720,18650,1896,14640,1949,45134.74,8098.61,123.88,171.57,16105.48,1785.05,86.36,94.15
NA,Expt 1,Group,,Sample 12,Experiment,Experiment,,R3,,FSC-H,SSC-H,26675,4,6668.75,13.28,99.641,19704,1819,13174,879,16537,715,26488.79,4272.94,134.44,234.9,9328.52,517.43,70.81,58.87
NA,Expt 1,Group,Sample 3.fcs,Sample 3,Experiment,Experiment,,R1,,BL1-H,YL1-H,200000,6,33333.333,98.985,98.985,333,125,128,91,87,87,1083.82,258.98,325.91,206.49,96.37,51.89,75.29,57.02
NA,Expt 1,Group,Sample 4.fcs,Sample 4,Experiment,Experiment,N/A,All Events,,N/A,N/A,202139,5,40427.8,100,100,N/A,N/A,N/A,N/A,N/A,N/A,N/A,N/A,N/A,N/A,N/A,N/A,N/A,N/A
NA,Expt 1,Group,Sample 4.fcs,Sample 4,Experiment,Experiment,,R1,,BL1-H,YL1-H,200000,5,40000,98.942,98.942,260,102,125,87,93,87,724.05,174.37,278.04,170.23,87.47,47.44,69.98,54.53
NA,Expt 1,Group,Sample 4.fcs,Sample 4,Experiment,Experiment,,R1,,FSC-H,SSC-H,200000,5,40000,98.942,98.942,4636,786,2221,171,2261,105,14156.09,3486.5,305.32,443.69,1246.87,91.92,56.14,53.76
NA,Expt 1,Group,Sample 4.fcs,Sample 4,Experiment,Experiment,,R1,,YL2-H,BL2-H,200000,5,40000,98.942,98.942,184,137,151,91,0,86,220.86,268.87,119.85,195.94,97.85,53.37,64.8,58.65
NA,Expt 1,Group,Sample 4.fcs,Sample 4,Experiment,Experiment,,R1,,YL1-H,,200000,5,40000,98.942,98.942,102,N/A,87,N/A,87,N/A,174.37,N/A,170.23,N/A,47.44,N/A,54.53,N/A
NA,Expt 1,Group,Sample 4.fcs,Sample 4,Experiment,Experiment,,R7,,BL1-H,,7589,5,1517.8,3.754,3.795,2645,N/A,1626,N/A,901,N/A,2714.6,N/A,102.64,N/A,891.04,N/A,54.8,N/A
NA,Expt 1,Group,Sample 4.fcs,Sample 4,Experiment,Experiment,,R1,,BL1-H,,200000,5,40000,98.942,98.942,260,N/A,125,N/A,93,N/A,724.05,N/A,278.04,N/A,87.47,N/A,69.98,N/A
NA,Expt 1,Group,Sample 4.fcs,Sample 4,Experiment,Experiment,,R1,,BL1-H,SSC-H,200000,5,40000,98.942,98.942,260,786,125,171,93,105,724.05,3486.5,278.04,443.69,87.47,91.92,69.98,53.76
NA,Expt 1,Group,,Sample 13,Experiment,Experiment,,R3,,FSC-H,SSC-H,21589,2,10794.5,10.669,99.379,34277,4166,19663,1986,18179,1569,40731.87,6573.32,118.83,157.79,13960.16,1611.59,71,81.15
NA,Expt 1,Group,,Sample 14,Experiment,Experiment,,R3,,FSC-H,SSC-H,26922,5,5384.4,13.39,98.898,20392,2439,11482,768,13868,633,29390.02,5993.27,144.13,245.68,7912.64,558.94,68.91,72.78
NA,Expt 1,Group,Buffer.fcs,Buffer,Experiment,Experiment,,R3,,FSC-H,SSC-H,6063,31,195.581,0.69,99.589,65318,7189,48756,3968,44422,3082,50682.89,8791.12,77.59,122.29,35913.02,3925.92,73.66,98.94
NA,Expt 1,Group,Sample 4.fcs,Sample 4,Experiment,Experiment,,R1,,BL1-H,YL1-H,200000,5,40000,98.942,98.942,260,102,125,87,93,87,724.05,174.37,278.04,170.23,87.47,47.44,69.98,54.53
NA,Expt 1,Group,NS.fcs,NS,Experiment,Experiment,,syto+pe-,SYTO+,BL1-H,YL1-H,8,1,8,0.039,0.04,3879,453,3780,342,1011,87,2207.8,365.02,56.91,80.53,3235.77,364.72,85.61,106.64
NA,Expt 1,Group,Sample 4.fcs,Sample 4,Experiment,Experiment,,R7,,FSC-H,SSC-H,7589,5,1517.8,3.754,3.754,43604,7308,21057,3017,15907,4095,52904.09,10909.51,121.33,149.29,23389.5,3500.42,111.08,116.02
NA,Expt 1,Group,PE.fcs,PE,Experiment,Experiment,,syto+pe-,SYTO+,BL1-H,YL1-H,51,2,25.5,0.051,0.051,1828,196,1191,108,699,53,1399.96,196.76,76.59,100.48,738.33,99.33,61.99,91.98
NA,Expt 1,Group,Sample 4.fcs,Sample 4,Experiment,Experiment,,R1,,BL1-H,YL1-H,200000,5,40000,98.942,98.942,260,102,125,87,93,87,724.05,174.37,278.04,170.23,87.47,47.44,69.98,54.53
NA,Expt 1,Group,Sample 6.fcs,Sample 6,Experiment,Experiment,N/A,All Events,,N/A,N/A,305443,6,50907.167,100,100,N/A,N/A,N/A,N/A,N/A,N/A,N/A,N/A,N/A,N/A,N/A,N/A,N/A,N/A
NA,Expt 1,Group,Sample 6.fcs,Sample 6,Experiment,Experiment,,R1,,BL1-H,YL1-H,300000,6,50000,98.218,98.218,323,123,158,98,157,92,709.98,196.81,219.68,159.8,117.13,54.86,74.13,55.98
NA,Expt 1,Group,Sample 6.fcs,Sample 6,Experiment,Experiment,,R1,,FSC-H,SSC-H,300000,6,50000,98.218,98.218,7321,983,2777,270,2419,105,19468.04,3663.26,265.93,372.69,1874.01,217.94,67.48,80.72
NA,Expt 1,Group,Sample 6.fcs,Sample 6,Experiment,Experiment,,R1,,YL2-H,BL2-H,300000,6,50000,98.218,98.218,280,262,195,136,0,87,394.55,542.32,140.69,207.27,133.43,105.26,68.43,77.4
NA,Expt 1,Group,Sample 6.fcs,Sample 6,Experiment,Experiment,,R1,,YL1-H,,300000,6,50000,98.218,98.218,123,N/A,98,N/A,92,N/A,196.81,N/A,159.8,N/A,54.86,N/A,55.98,N/A
NA,Expt 1,Group,Sample 6.fcs,Sample 6,Experiment,Experiment,,R7,,BL1-H,,17247,6,2874.5,5.647,5.749,2258,N/A,1426,N/A,925,N/A,2076.33,N/A,91.96,N/A,661.24,N/A,46.37,N/A
NA,Expt 1,Group,Sample 6.fcs,Sample 6,Experiment,Experiment,,R1,,BL1-H,,300000,6,50000,98.218,98.218,323,N/A,158,N/A,157,N/A,709.98,N/A,219.68,N/A,117.13,N/A,74.13,N/A
NA,Expt 1,Group,Sample 6.fcs,Sample 6,Experiment,Experiment,,R1,,BL1-H,SSC-H,300000,6,50000,98.218,98.218,323,983,158,270,157,105,709.98,3663.26,219.68,372.69,117.13,217.94,74.13,80.72
NA,Expt 1,Group,SYTOX.fcs,SYTOX,Experiment,Experiment,,syto+pe-,SYTO+,BL1-H,YL1-H,15182,1,15182,14.914,15.182,3728,307,2644,229,2054,168,3967.37,237.75,106.42,77.4,1874.01,182.36,70.88,79.63
NA,Expt 1,Group,IgG Iso.fcs,IgG Iso,Experiment,Experiment,,syto+pe-,SYTO+,BL1-H,YL1-H,35,1,35,0.034,0.035,2611,318,1727,168,819,71,1997.46,307.64,76.49,96.7,1432.19,152.71,82.93,90.9
NA,Expt 1,Group,Sample 1.fcs,Sample 1,Experiment,Experiment,,syto+pe-,SYTO+,BL1-H,YL1-H,2095,4,523.75,1.019,1.048,3722,377,3397,311,5089,439,2939.53,278.7,78.98,74.01,2504.11,292.07,73.72,93.91
NA,Expt 1,Group,Sample 6.fcs,Sample 6,Experiment,Experiment,,R1,,BL1-H,YL1-H,300000,6,50000,98.218,98.218,323,123,158,98,157,92,709.98,196.81,219.68,159.8,117.13,54.86,74.13,55.98
NA,Expt 1,Group,Sample 2.fcs,Sample 2,Experiment,Experiment,,syto+pe-,SYTO+,BL1-H,YL1-H,1563,4,390.75,0.777,0.781,2448,162,1374,114,1165,119,4926.16,157.4,201.24,97.33,683.48,71.16,49.74,62.43
NA,Expt 1,Group,Sample 6.fcs,Sample 6,Experiment,Experiment,,R7,,FSC-H,SSC-H,17247,6,2874.5,5.647,5.647,55615,6956,30403,2852,24825,1164,56716.19,10026.67,101.98,144.14,27469.61,3043.78,90.35,106.72
NA,Expt 1,Group,Sample 3.fcs,Sample 3,Experiment,Experiment,,syto+pe-,SYTO+,BL1-H,YL1-H,2502,6,417,1.238,1.251,3752,187,2116,123,1658,97,6132.21,188.1,163.45,100.44,1435.9,80.06,67.86,65.09
NA,Expt 1,Group,Sample 6.fcs,Sample 6,Experiment,Experiment,,R1,,BL1-H,YL1-H,300000,6,50000,98.218,98.218,323,123,158,98,157,92,709.98,196.81,219.68,159.8,117.13,54.86,74.13,55.98
NA,Expt 1,Group,Sample 5.fcs,Sample 5,Experiment,Experiment,N/A,All Events,,N/A,N/A,206776,5,41355.2,100,100,N/A,N/A,N/A,N/A,N/A,N/A,N/A,N/A,N/A,N/A,N/A,N/A,N/A,N/A
NA,Expt 1,Group,Sample 5.fcs,Sample 5,Experiment,Experiment,,R1,,BL1-H,YL1-H,200000,5,40000,96.723,96.723,338,148,137,102,93,87,716.63,255.66,211.73,172.26,105.26,62.27,76.84,61.05
NA,Expt 1,Group,Sample 5.fcs,Sample 5,Experiment,Experiment,,R1,,FSC-H,SSC-H,200000,5,40000,96.723,96.723,9015,1626,2660,250,2323,105,23480.8,5539,260.45,340.56,1888.83,200.15,71.01,80.06
NA,Expt 1,Group,Sample 5.fcs,Sample 5,Experiment,Experiment,,R1,,YL2-H,BL2-H,200000,5,40000,96.723,96.723,273,226,180,107,0,87,428.1,557.91,156.66,246.42,127.5,74.13,70.84,69.28
NA,Expt 1,Group,Sample 5.fcs,Sample 5,Experiment,Experiment,,R1,,YL1-H,,200000,5,40000,96.723,96.723,148,N/A,102,N/A,87,N/A,255.66,N/A,172.26,N/A,62.27,N/A,61.05,N/A
NA,Expt 1,Group,Sample 5.fcs,Sample 5,Experiment,Experiment,,R7,,BL1-H,,18031,5,3606.2,8.72,9.015,1883,N/A,1372,N/A,938,N/A,1664.49,N/A,88.41,N/A,493.71,N/A,35.98,N/A
NA,Expt 1,Group,Sample 5.fcs,Sample 5,Experiment,Experiment,,R1,,BL1-H,,200000,5,40000,96.723,96.723,338,N/A,137,N/A,93,N/A,716.63,N/A,211.73,N/A,105.26,N/A,76.84,N/A
NA,Expt 1,Group,Sample 5.fcs,Sample 5,Experiment,Experiment,,R1,,BL1-H,SSC-H,200000,5,40000,96.723,96.723,338,1626,137,250,93,105,716.63,5539,211.73,340.56,105.26,200.15,76.84,80.06
NA,Expt 1,Group,Sample 4.fcs,Sample 4,Experiment,Experiment,,syto+pe-,SYTO+,BL1-H,YL1-H,3165,5,633,1.566,1.583,3216,221,2228,135,1483,97,3061.31,225.48,95.2,101.91,1561.18,97.85,70.07,72.48
NA,Expt 1,Group,Sample 6.fcs,Sample 6,Experiment,Experiment,,syto+pe-,SYTO+,BL1-H,YL1-H,3862,6,643.667,1.264,1.287,3445,257,2498,161,1946,107,2846.6,242.85,82.63,94.51,1928.12,123.06,77.2,76.43
NA,Expt 1,Group,Sample 5.fcs,Sample 5,Experiment,Experiment,,syto+pe-,SYTO+,BL1-H,YL1-H,503,5,100.6,0.243,0.252,2512,193,1645,128,1748,175,3041.5,200.65,121.08,103.82,996.31,81.54,60.57,63.71
NA,Expt 1,Group,Sample 5.fcs,Sample 5,Experiment,Experiment,,R1,,BL1-H,YL1-H,200000,5,40000,96.723,96.723,338,148,137,102,93,87,716.63,255.66,211.73,172.26,105.26,62.27,76.84,61.05
NA,Expt 1,Group,Sample 7.fcs,Sample 7,Experiment,Experiment,,syto+pe-,SYTO+,BL1-H,YL1-H,564,11,51.273,0.129,0.131,3862,225,2250,140,820,96,5320.61,221.72,137.76,98.76,1917.74,100.82,85.23,72.01
NA,Expt 1,Group,Sample 5.fcs,Sample 5,Experiment,Experiment,,R7,,FSC-H,SSC-H,18031,5,3606.2,8.72,8.72,52322,6991,26286,2365,20264,715,53702.76,11151.96,102.64,159.52,19792.71,2736.88,75.3,115.72
NA,Expt 1,Group,,Sample 8,Experiment,Experiment,,syto+pe-,SYTO+,BL1-H,YL1-H,15951,8,1993.875,2.882,2.896,3013,201,1980,147,1213,87,4496.02,175.44,149.2,87.22,1530.04,109.71,77.27,74.63
NA,Expt 1,Group,Sample 5.fcs,Sample 5,Experiment,Experiment,,R1,,BL1-H,YL1-H,200000,5,40000,96.723,96.723,338,148,137,102,93,87,716.63,255.66,211.73,172.26,105.26,62.27,76.84,61.05
NA,Expt 1,Group,Sample 7.fcs,Sample 7,Experiment,Experiment,N/A,All Events,,N/A,N/A,435922,11,39629.273,100,100,N/A,N/A,N/A,N/A,N/A,N/A,N/A,N/A,N/A,N/A,N/A,N/A,N/A,N/A
NA,Expt 1,Group,Sample 7.fcs,Sample 7,Experiment,Experiment,,R1,,BL1-H,YL1-H,430704,11,39154.909,98.803,98.803,184,150,111,90,93,86,396.44,430.7,215.13,287.21,71.16,51.89,64.11,57.66
NA,Expt 1,Group,Sample 7.fcs,Sample 7,Experiment,Experiment,,R1,,FSC-H,SSC-H,430704,11,39154.909,98.803,98.803,7092,1098,2411,189,2113,105,19628.64,3864.86,276.79,351.93,1578.97,121.57,65.49,64.32
NA,Expt 1,Group,Sample 7.fcs,Sample 7,Experiment,Experiment,,R1,,YL2-H,BL2-H,430704,11,39154.909,98.803,98.803,216,163,154,93,0,87,330.3,321.29,152.7,197.21,105.26,60.79,68.35,65.36
NA,Expt 1,Group,Sample 7.fcs,Sample 7,Experiment,Experiment,,R1,,YL1-H,,430704,11,39154.909,98.803,98.803,150,N/A,90,N/A,86,N/A,430.7,N/A,287.21,N/A,51.89,N/A,57.66,N/A
NA,Expt 1,Group,Sample 7.fcs,Sample 7,Experiment,Experiment,,R7,,BL1-H,,9296,11,845.091,2.132,2.158,1773,N/A,1325,N/A,963,N/A,1766.66,N/A,99.66,N/A,480.36,N/A,36.25,N/A
NA,Expt 1,Group,Sample 7.fcs,Sample 7,Experiment,Experiment,,R1,,BL1-H,,430704,11,39154.909,98.803,98.803,184,N/A,111,N/A,93,N/A,396.44,N/A,215.13,N/A,71.16,N/A,64.11,N/A
NA,Expt 1,Group,Sample 7.fcs,Sample 7,Experiment,Experiment,,R1,,BL1-H,SSC-H,430704,11,39154.909,98.803,98.803,184,1098,111,189,93,105,396.44,3864.86,215.13,351.93,71.16,121.57,64.11,64.32
NA,Expt 1,Group,,Sample 9,Experiment,Experiment,,syto+pe-,SYTO+,BL1-H,YL1-H,3585,3,1195,1.776,1.792,2641,170,1793,117,1797,87,2693.47,169.23,101.98,99.59,1163.84,78.58,64.91,67.16
NA,Expt 1,Group,,Sample 10,Experiment,Experiment,,syto+pe-,SYTO+,BL1-H,YL1-H,12161,5,2432.2,6.036,6.08,2775,139,1701,113,1655,93,4552.37,116.16,164.02,83.34,899.94,63.75,52.91,56.42
NA,Expt 1,Group,,Sample 11,Experiment,Experiment,,syto+pe-,SYTO+,BL1-H,YL1-H,37185,4,9296.25,18.324,18.593,2494,159,1941,134,1870,111,4455.55,114.41,178.63,71.96,960.72,74.13,49.5,55.32
NA,Expt 1,Group,Sample 7.fcs,Sample 7,Experiment,Experiment,,R1,,BL1-H,YL1-H,430704,11,39154.909,98.803,98.803,184,150,111,90,93,86,396.44,430.7,215.13,287.21,71.16,51.89,64.11,57.66
NA,Expt 1,Group,,Sample 12,Experiment,Experiment,,syto+pe-,SYTO+,BL1-H,YL1-H,16776,4,4194,8.352,8.388,2442,193,2083,154,2452,175,1991.53,158.76,81.54,82.16,1220.92,109.71,58.63,71.24
NA,Expt 1,Group,Sample 7.fcs,Sample 7,Experiment,Experiment,,R7,,FSC-H,SSC-H,9296,11,845.091,2.132,2.132,96261,8726,84701,4990,133163,2321,63126.59,10425.92,65.58,119.49,69079.52,4743.58,81.56,95.07
NA,Expt 1,Group,,Sample 13,Experiment,Experiment,,syto+pe-,SYTO+,BL1-H,YL1-H,3191,2,1595.5,1.577,1.595,3799,229,2456,163,2328,175,4554.75,206.74,119.9,90.18,1706.47,114.16,69.48,70.04
NA,Expt 1,Group,Sample 7.fcs,Sample 7,Experiment,Experiment,,R1,,BL1-H,YL1-H,430704,11,39154.909,98.803,98.803,184,150,111,90,93,86,396.44,430.7,215.13,287.21,71.16,51.89,64.11,57.66
NA,Expt 1,Group,,Sample 8,Experiment,Experiment,N/A,All Events,,N/A,N/A,553563,8,69195.375,100,100,N/A,N/A,N/A,N/A,N/A,N/A,N/A,N/A,N/A,N/A,N/A,N/A,N/A,N/A
NA,Expt 1,Group,,Sample 8,Experiment,Experiment,,R1,,BL1-H,YL1-H,550723,8,68840.375,99.487,99.487,510,192,258,104,232,86,1248.34,624.62,244.66,325.18,229.8,60.79,89.07,58.45
NA,Expt 1,Group,,Sample 8,Experiment,Experiment,,R1,,FSC-H,SSC-H,550723,8,68840.375,99.487,99.487,6168,676,2768,299,2419,105,15172.68,2125.1,245.97,314.53,1839.91,241.66,66.47,80.82
NA,Expt 1,Group,,Sample 8,Experiment,Experiment,,R1,,YL2-H,BL2-H,550723,8,68840.375,99.487,99.487,280,220,190,139,0,86,470.43,375.61,168.29,170.73,126.02,96.37,66.33,69.33
NA,Expt 1,Group,,Sample 8,Experiment,Experiment,,R1,,YL1-H,,550723,8,68840.375,99.487,99.487,192,N/A,104,N/A,86,N/A,624.62,N/A,325.18,N/A,60.79,N/A,58.45,N/A
NA,Expt 1,Group,,Sample 8,Experiment,Experiment,,R7,,BL1-H,,63712,8,7964,11.509,11.569,2242,N/A,1415,N/A,938,N/A,2183.5,N/A,97.4,N/A,613.8,N/A,43.38,N/A
NA,Expt 1,Group,,Sample 8,Experiment,Experiment,,R1,,BL1-H,,550723,8,68840.375,99.487,99.487,510,N/A,258,N/A,232,N/A,1248.34,N/A,244.66,N/A,229.8,N/A,89.07,N/A
NA,Expt 1,Group,,Sample 8,Experiment,Experiment,,R1,,BL1-H,SSC-H,550723,8,68840.375,99.487,99.487,510,676,258,299,232,105,1248.34,2125.1,244.66,314.53,229.8,241.66,89.07,80.82
NA,Expt 1,Group,,Sample 14,Experiment,Experiment,,syto+pe-,SYTO+,BL1-H,YL1-H,16650,5,3330,8.281,8.325,2961,176,1865,130,2001,157,5406.36,160.22,182.61,91,1014.1,83.03,54.38,63.87
NA,Expt 1,Group,Buffer.fcs,Buffer,Experiment,Experiment,,syto+pe-,SYTO+,BL1-H,YL1-H,224,31,7.226,0.025,0.026,1848,123,1016,78,778,59,2202.22,127.65,119.19,103.9,418.83,35.58,41.22,45.62
NA,Expt 1,Group,NS.fcs,NS,Experiment,Experiment,,R5,,BL1-H,YL1-H,0,1,0,0,0,N/A,N/A,N/A,N/A,N/A,N/A,N/A,N/A,N/A,N/A,N/A,N/A,N/A,N/A
NA,Expt 1,Group,,Sample 8,Experiment,Experiment,,R1,,BL1-H,YL1-H,550723,8,68840.375,99.487,99.487,510,192,258,104,232,86,1248.34,624.62,244.66,325.18,229.8,60.79,89.07,58.45
NA,Expt 1,Group,PE.fcs,PE,Experiment,Experiment,,R5,,BL1-H,YL1-H,0,2,0,0,0,N/A,N/A,N/A,N/A,N/A,N/A,N/A,N/A,N/A,N/A,N/A,N/A,N/A,N/A
NA,Expt 1,Group,,Sample 8,Experiment,Experiment,,R7,,FSC-H,SSC-H,63712,8,7964,11.509,11.509,28139,2757,15377,1254,10441,964,36405.02,5016.68,129.38,181.95,9828.9,861.39,63.92,68.69
NA,Expt 1,Group,SYTOX.fcs,SYTOX,Experiment,Experiment,,R5,,BL1-H,YL1-H,12,1,12,0.012,0.012,26994,2661,25414,2474,25431,2337,7149.72,436.55,26.49,16.41,5576.8,205.34,21.94,8.3
NA,Expt 1,Group,,Sample 8,Experiment,Experiment,,R1,,BL1-H,YL1-H,550723,8,68840.375,99.487,99.487,510,192,258,104,232,86,1248.34,624.62,244.66,325.18,229.8,60.79,89.07,58.45
NA,Expt 1,Group,,Sample 9,Experiment,Experiment,N/A,All Events,,N/A,N/A,201815,3,67271.667,100,100,N/A,N/A,N/A,N/A,N/A,N/A,N/A,N/A,N/A,N/A,N/A,N/A,N/A,N/A
NA,Expt 1,Group,,Sample 9,Experiment,Experiment,,R1,,BL1-H,YL1-H,200000,3,66666.667,99.101,99.101,420,293,166,105,157,87,1112.51,1055.4,264.57,359.62,128.99,68.2,77.7,64.95
NA,Expt 1,Group,,Sample 9,Experiment,Experiment,,R1,,FSC-H,SSC-H,200000,3,66666.667,99.101,99.101,6348,1055,2599,299,2292,105,16553.82,3268.87,260.76,309.91,1684.23,256.49,64.8,85.78
NA,Expt 1,Group,,Sample 9,Experiment,Experiment,,R1,,YL2-H,BL2-H,200000,3,66666.667,99.101,99.101,297,180,177,99,0,86,651.77,386.65,219.76,214.39,117.13,57.82,66.17,58.41
NA,Expt 1,Group,,Sample 9,Experiment,Experiment,,R1,,YL1-H,,200000,3,66666.667,99.101,99.101,293,N/A,105,N/A,87,N/A,1055.4,N/A,359.62,N/A,68.2,N/A,64.95,N/A
NA,Expt 1,Group,,Sample 9,Experiment,Experiment,,R7,,BL1-H,,17882,3,5960.667,8.861,8.941,2543,N/A,1633,N/A,900,N/A,2542.99,N/A,100.01,N/A,874.73,N/A,53.57,N/A
NA,Expt 1,Group,,Sample 9,Experiment,Experiment,,R1,,BL1-H,,200000,3,66666.667,99.101,99.101,420,N/A,166,N/A,157,N/A,1112.51,N/A,264.57,N/A,128.99,N/A,77.7,N/A
NA,Expt 1,Group,,Sample 9,Experiment,Experiment,,R1,,BL1-H,SSC-H,200000,3,66666.667,99.101,99.101,420,1055,166,299,157,105,1112.51,3268.87,264.57,309.91,128.99,256.49,77.7,85.78
NA,Expt 1,Group,IgG Iso.fcs,IgG Iso,Experiment,Experiment,,R5,,BL1-H,YL1-H,0,1,0,0,0,N/A,N/A,N/A,N/A,N/A,N/A,N/A,N/A,N/A,N/A,N/A,N/A,N/A,N/A
NA,Expt 1,Group,Sample 1.fcs,Sample 1,Experiment,Experiment,,R5,,BL1-H,YL1-H,19,4,4.75,0.009,0.009,21073,4631,20130,3645,17772,3399,5211.62,2157.27,24.73,46.58,3595.3,1718.33,17.86,47.14
NA,Expt 1,Group,Sample 2.fcs,Sample 2,Experiment,Experiment,,R5,,BL1-H,YL1-H,2,4,0.5,0.001,0.001,35648,4600,35648,4600,28145,2541,10610.84,2911.16,29.77,63.29,11123.95,3051.93,31.2,66.35
NA,Expt 1,Group,,Sample 9,Experiment,Experiment,,R1,,BL1-H,YL1-H,200000,3,66666.667,99.101,99.101,420,293,166,105,157,87,1112.51,1055.4,264.57,359.62,128.99,68.2,77.7,64.95
NA,Expt 1,Group,Sample 3.fcs,Sample 3,Experiment,Experiment,,R5,,BL1-H,YL1-H,20,6,3.333,0.01,0.01,22659,4617,19505,3841,16399,2549,9347.45,3024.78,41.25,65.52,3832.52,1801.36,19.65,46.9
NA,Expt 1,Group,,Sample 9,Experiment,Experiment,,R7,,FSC-H,SSC-H,17882,3,5960.667,8.861,8.861,35547,5366,19736,2481,20290,2293,43447.41,7976.68,122.23,148.65,20119.62,2686.47,101.95,108.28
NA,Expt 1,Group,Sample 4.fcs,Sample 4,Experiment,Experiment,,R5,,BL1-H,YL1-H,4,5,0.8,0.002,0.002,19559,2964,19363,2622,17594,2184,2021.51,1023.3,10.34,34.53,2184.61,530.77,11.28,20.25
NA,Expt 1,Group,,Sample 9,Experiment,Experiment,,R1,,BL1-H,YL1-H,200000,3,66666.667,99.101,99.101,420,293,166,105,157,87,1112.51,1055.4,264.57,359.62,128.99,68.2,77.7,64.95
NA,Expt 1,Group,,Sample 10,Experiment,Experiment,N/A,All Events,,N/A,N/A,201485,5,40297,100,100,N/A,N/A,N/A,N/A,N/A,N/A,N/A,N/A,N/A,N/A,N/A,N/A,N/A,N/A
NA,Expt 1,Group,,Sample 10,Experiment,Experiment,,R1,,BL1-H,YL1-H,200000,5,40000,99.263,99.263,466,138,178,90,92,87,1466.64,743.41,314.84,539.84,173.46,48.93,97.45,54.36
NA,Expt 1,Group,,Sample 10,Experiment,Experiment,,R1,,FSC-H,SSC-H,200000,5,40000,99.263,99.263,5464,1129,2460,279,2142,105,13124.19,4213.46,240.18,373.05,1546.35,241.66,62.86,86.62
NA,Expt 1,Group,,Sample 10,Experiment,Experiment,,R1,,YL2-H,BL2-H,200000,5,40000,99.263,99.263,199,102,155,85,0,86,433.28,116.66,217.67,114.32,99.33,43,64.09,50.58
NA,Expt 1,Group,,Sample 10,Experiment,Experiment,,R1,,YL1-H,,200000,5,40000,99.263,99.263,138,N/A,90,N/A,87,N/A,743.41,N/A,539.84,N/A,48.93,N/A,54.36,N/A
NA,Expt 1,Group,,Sample 10,Experiment,Experiment,,R7,,BL1-H,,21073,5,4214.6,10.459,10.537,2352,N/A,1485,N/A,926,N/A,3140.23,N/A,133.5,N/A,653.83,N/A,44.03,N/A
NA,Expt 1,Group,,Sample 10,Experiment,Experiment,,R1,,BL1-H,,200000,5,40000,99.263,99.263,466,N/A,178,N/A,92,N/A,1466.64,N/A,314.84,N/A,173.46,N/A,97.45,N/A
NA,Expt 1,Group,,Sample 10,Experiment,Experiment,,R1,,BL1-H,SSC-H,200000,5,40000,99.263,99.263,466,1129,178,279,92,105,1466.64,4213.46,314.84,373.05,173.46,241.66,97.45,86.62
NA,Expt 1,Group,Sample 6.fcs,Sample 6,Experiment,Experiment,,R5,,BL1-H,YL1-H,2,6,0.333,0.001,0.001,33849,4193,33849,4193,25027,2543,12476.19,2333.45,36.86,55.65,13079.5,2446.29,38.64,58.34
NA,Expt 1,Group,Sample 5.fcs,Sample 5,Experiment,Experiment,,R5,,BL1-H,YL1-H,23,5,4.6,0.011,0.011,21376,4771,20273,4663,17286,4464,4189.76,1228.23,19.6,25.74,4453.73,851.01,21.97,18.25
NA,Expt 1,Group,Sample 7.fcs,Sample 7,Experiment,Experiment,,R5,,BL1-H,YL1-H,12,11,1.091,0.003,0.003,23580,4310,22047,3162,19012,2196,7044.5,3193.85,29.87,74.11,5498.96,1063.77,24.94,33.65
NA,Expt 1,Group,,Sample 10,Experiment,Experiment,,R1,,BL1-H,YL1-H,200000,5,40000,99.263,99.263,466,138,178,90,92,87,1466.64,743.41,314.84,539.84,173.46,48.93,97.45,54.36
NA,Expt 1,Group,,Sample 8,Experiment,Experiment,,R5,,BL1-H,YL1-H,76,8,9.5,0.014,0.014,21926,7440,17561,6234,14477,2552,19121.23,4924.52,87.21,66.19,3020.8,4157.95,17.2,66.7
NA,Expt 1,Group,,Sample 10,Experiment,Experiment,,R7,,FSC-H,SSC-H,21073,5,4214.6,10.459,10.459,21904,3246,12663,1073,10295,864,29629.61,7374.59,135.27,227.18,8691,747.23,68.63,69.64
NA,Expt 1,Group,,Sample 9,Experiment,Experiment,,R5,,BL1-H,YL1-H,83,3,27.667,0.041,0.042,19126,9391,17015,8442,14858,7132,5884.7,4988.06,30.77,53.12,3193.52,4317.33,18.77,51.14
NA,Expt 1,Group,,Sample 10,Experiment,Experiment,,R1,,BL1-H,YL1-H,200000,5,40000,99.263,99.263,466,138,178,90,92,87,1466.64,743.41,314.84,539.84,173.46,48.93,97.45,54.36
NA,Expt 1,Group,,Sample 11,Experiment,Experiment,N/A,All Events,,N/A,N/A,202928,4,50732,100,100,N/A,N/A,N/A,N/A,N/A,N/A,N/A,N/A,N/A,N/A,N/A,N/A,N/A,N/A
NA,Expt 1,Group,,Sample 11,Experiment,Experiment,,R1,,BL1-H,YL1-H,200000,4,50000,98.557,98.557,802,138,349,100,0,87,2182.01,245.6,272.19,177.84,401.78,56.34,115.12,56.34
NA,Expt 1,Group,,Sample 11,Experiment,Experiment,,R1,,FSC-H,SSC-H,200000,4,50000,98.557,98.557,7349,1482,2851,286,2261,105,17104.87,5342.03,232.74,360.51,2160.15,249.08,75.77,87.09
NA,Expt 1,Group,,Sample 11,Experiment,Experiment,,R1,,YL2-H,BL2-H,200000,4,50000,98.557,98.557,238,159,185,107,0,87,247.61,245.87,103.87,155.08,124.54,68.2,67.32,63.74
NA,Expt 1,Group,,Sample 11,Experiment,Experiment,,R1,,YL1-H,,200000,4,50000,98.557,98.557,138,N/A,100,N/A,87,N/A,245.6,N/A,177.84,N/A,56.34,N/A,56.34,N/A
NA,Expt 1,Group,,Sample 11,Experiment,Experiment,,R7,,BL1-H,,53853,4,13463.25,26.538,26.927,2202,N/A,1665,N/A,964,N/A,2044.71,N/A,92.84,N/A,790.23,N/A,47.46,N/A
NA,Expt 1,Group,,Sample 11,Experiment,Experiment,,R1,,BL1-H,,200000,4,50000,98.557,98.557,802,N/A,349,N/A,0,N/A,2182.01,N/A,272.19,N/A,401.78,N/A,115.12,N/A
NA,Expt 1,Group,,Sample 11,Experiment,Experiment,,R1,,BL1-H,SSC-H,200000,4,50000,98.557,98.557,802,1482,349,286,0,105,2182.01,5342.03,272.19,360.51,401.78,249.08,115.12,87.09
NA,Expt 1,Group,,Sample 10,Experiment,Experiment,,R5,,BL1-H,YL1-H,34,5,6.8,0.017,0.017,27044,8290,21346,4858,20028,3102,16678.21,7363.46,61.67,88.82,6755.47,3014.87,31.65,62.06
NA,Expt 1,Group,,Sample 11,Experiment,Experiment,,R5,,BL1-H,YL1-H,12,4,3,0.006,0.006,20425,3709,19691,2892,18492,2241,3487.24,1921.17,17.07,51.8,3350.68,772.43,17.02,26.71
NA,Expt 1,Group,,Sample 12,Experiment,Experiment,,R5,,BL1-H,YL1-H,27,4,6.75,0.013,0.013,20368,11497,17151,10680,14942,8763,11307.35,5625.63,55.51,48.93,3275.06,4699.84,19.1,44.01
NA,Expt 1,Group,,Sample 11,Experiment,Experiment,,R1,,BL1-H,YL1-H,200000,4,50000,98.557,98.557,802,138,349,100,0,87,2182.01,245.6,272.19,177.84,401.78,56.34,115.12,56.34
NA,Expt 1,Group,,Sample 13,Experiment,Experiment,,R5,,BL1-H,YL1-H,25,2,12.5,0.012,0.013,22826,5292,18370,4007,17079,3807,9129.09,3158.8,39.99,59.69,2883.66,1481.12,15.7,36.96
NA,Expt 1,Group,,Sample 11,Experiment,Experiment,,R7,,FSC-H,SSC-H,53853,4,13463.25,26.538,26.538,17941,3224,9615,840,9240,633,27657.12,8129.36,154.16,252.18,6529.37,705.72,67.91,84.01
NA,Expt 1,Group,,Sample 14,Experiment,Experiment,,R5,,BL1-H,YL1-H,88,5,17.6,0.044,0.044,23315,6953,20673,5304,18158,3571,8126.76,4367.21,34.86,62.81,6512.32,3123.1,31.5,58.88
NA,Expt 1,Group,,Sample 11,Experiment,Experiment,,R1,,BL1-H,YL1-H,200000,4,50000,98.557,98.557,802,138,349,100,0,87,2182.01,245.6,272.19,177.84,401.78,56.34,115.12,56.34
NA,Expt 1,Group,,Sample 12,Experiment,Experiment,N/A,All Events,,N/A,N/A,200862,4,50215.5,100,100,N/A,N/A,N/A,N/A,N/A,N/A,N/A,N/A,N/A,N/A,N/A,N/A,N/A,N/A
NA,Expt 1,Group,,Sample 12,Experiment,Experiment,,R1,,BL1-H,YL1-H,200000,4,50000,99.571,99.571,549,192,289,91,86,86,1026.79,917.61,187.04,478.65,299.49,50.41,103.63,55.39
NA,Expt 1,Group,,Sample 12,Experiment,Experiment,,R1,,FSC-H,SSC-H,200000,4,50000,99.571,99.571,4971,583,2434,258,2419,105,11889.81,2217.02,239.19,380.58,1453.69,207.56,59.74,80.45
NA,Expt 1,Group,,Sample 12,Experiment,Experiment,,R1,,YL2-H,BL2-H,200000,4,50000,99.571,99.571,259,204,168,117,0,92,549.9,398.01,211.95,194.73,111.19,78.58,66.19,67.16
NA,Expt 1,Group,,Sample 12,Experiment,Experiment,,R1,,YL1-H,,200000,4,50000,99.571,99.571,192,N/A,91,N/A,86,N/A,917.61,N/A,478.65,N/A,50.41,N/A,55.39,N/A
NA,Expt 1,Group,,Sample 12,Experiment,Experiment,,R7,,BL1-H,,26771,4,6692.75,13.328,13.386,2249,N/A,1751,N/A,900,N/A,1991.48,N/A,88.57,N/A,963.69,N/A,55.04,N/A
NA,Expt 1,Group,,Sample 12,Experiment,Experiment,,R1,,BL1-H,,200000,4,50000,99.571,99.571,549,N/A,289,N/A,86,N/A,1026.79,N/A,187.04,N/A,299.49,N/A,103.63,N/A
NA,Expt 1,Group,,Sample 12,Experiment,Experiment,,R1,,BL1-H,SSC-H,200000,4,50000,99.571,99.571,549,583,289,258,86,105,1026.79,2217.02,187.04,380.58,299.49,207.56,103.63,80.45
NA,Expt 1,Group,Buffer.fcs,Buffer,Experiment,Experiment,,R5,,BL1-H,YL1-H,1,31,0.032,0,0,N/A,N/A,N/A,N/A,N/A,N/A,N/A,N/A,N/A,N/A,N/A,N/A,N/A,N/A
NA,Expt 1,Group,NS.fcs,NS,Experiment,Experiment,,syto+pe+,IgA+SYTO+,BL1-H,YL1-H,24,1,24,0.117,0.12,8696,1857,8257,1781,5942,1663,1986.68,373.86,22.85,20.14,1842.87,355.82,22.32,19.98
NA,Expt 1,Group,PE.fcs,PE,Experiment,Experiment,,syto+pe+,IgA+SYTO+,BL1-H,YL1-H,62,2,31,0.061,0.062,8052,2442,7219,2026,6959,1566,2269.4,1105.26,28.18,45.26,1641.98,656.79,22.75,32.43
NA,Expt 1,Group,,Sample 12,Experiment,Experiment,,R1,,BL1-H,YL1-H,200000,4,50000,99.571,99.571,549,192,289,91,86,86,1026.79,917.61,187.04,478.65,299.49,50.41,103.63,55.39
NA,Expt 1,Group,SYTOX.fcs,SYTOX,Experiment,Experiment,,syto+pe+,IgA+SYTO+,BL1-H,YL1-H,266,1,266,0.261,0.266,15723,1584,14483,1442,14426,1233,6369.25,444.92,40.51,28.08,4052.69,248.34,27.98,17.22
NA,Expt 1,Group,,Sample 12,Experiment,Experiment,,R7,,FSC-H,SSC-H,26771,4,6692.75,13.328,13.328,19742,1852,13138,877,16537,819,26789.44,4516.81,135.7,243.91,9341.86,517.43,71.11,59
NA,Expt 1,Group,IgG Iso.fcs,IgG Iso,Experiment,Experiment,,syto+pe+,IgA+SYTO+,BL1-H,YL1-H,47,1,47,0.046,0.047,8634,5778,8227,1823,8220,1710,2154.73,13820.24,24.95,239.18,1939.24,290.59,23.57,15.94
NA,Expt 1,Group,,Sample 12,Experiment,Experiment,,R1,,BL1-H,YL1-H,200000,4,50000,99.571,99.571,549,192,289,91,86,86,1026.79,917.61,187.04,478.65,299.49,50.41,103.63,55.39
NA,Expt 1,Group,,Sample 13,Experiment,Experiment,N/A,All Events,,N/A,N/A,202359,2,101179.5,100,100,N/A,N/A,N/A,N/A,N/A,N/A,N/A,N/A,N/A,N/A,N/A,N/A,N/A,N/A
NA,Expt 1,Group,,Sample 13,Experiment,Experiment,,R1,,BL1-H,YL1-H,200000,2,100000,98.834,98.834,485,192,241,115,157,96,1095.51,851.17,225.76,444.31,191.26,65.23,79.36,56.73
NA,Expt 1,Group,,Sample 13,Experiment,Experiment,,R1,,FSC-H,SSC-H,200000,2,100000,98.834,98.834,7178,1099,3044,394,2418,373,17212.8,3177.18,239.81,289.21,2097.88,330.62,68.92,83.91
NA,Expt 1,Group,,Sample 13,Experiment,Experiment,,R1,,YL2-H,BL2-H,200000,2,100000,98.834,98.834,313,180,218,123,232,92,580.89,253.8,185.58,141.17,142.33,72.65,65.29,59.06
NA,Expt 1,Group,,Sample 13,Experiment,Experiment,,R1,,YL1-H,,200000,2,100000,98.834,98.834,192,N/A,115,N/A,96,N/A,851.17,N/A,444.31,N/A,65.23,N/A,56.73,N/A
NA,Expt 1,Group,,Sample 13,Experiment,Experiment,,R7,,BL1-H,,21724,2,10862,10.735,10.862,2254,N/A,1451,N/A,963,N/A,2512.78,N/A,111.49,N/A,637.52,N/A,43.94,N/A
NA,Expt 1,Group,,Sample 13,Experiment,Experiment,,R1,,BL1-H,,200000,2,100000,98.834,98.834,485,N/A,241,N/A,157,N/A,1095.51,N/A,225.76,N/A,191.26,N/A,79.36,N/A
NA,Expt 1,Group,,Sample 13,Experiment,Experiment,,R1,,BL1-H,SSC-H,200000,2,100000,98.834,98.834,485,1099,241,394,157,373,1095.51,3177.18,225.76,289.21,191.26,330.62,79.36,83.91
NA,Expt 1,Group,Sample 1.fcs,Sample 1,Experiment,Experiment,,syto+pe+,IgA+SYTO+,BL1-H,YL1-H,814,4,203.5,0.396,0.407,8808,3657,7843,2385,7853,1866,3599.68,3028.99,40.87,82.84,2126.79,1140.86,27.12,47.84
NA,Expt 1,Group,Sample 2.fcs,Sample 2,Experiment,Experiment,,syto+pe+,IgA+SYTO+,BL1-H,YL1-H,118,4,29.5,0.059,0.059,8461,3445,7348,1883,6972,1440,4558.84,4326.12,53.88,125.57,1368.44,636.78,18.62,33.83
NA,Expt 1,Group,Sample 3.fcs,Sample 3,Experiment,Experiment,,syto+pe+,IgA+SYTO+,BL1-H,YL1-H,542,6,90.333,0.268,0.271,10025,2565,8721,2153,7544,1613,5379.77,1650.77,53.66,64.35,2188.32,697.56,25.09,32.4
NA,Expt 1,Group,,Sample 13,Experiment,Experiment,,R1,,BL1-H,YL1-H,200000,2,100000,98.834,98.834,485,192,241,115,157,96,1095.51,851.17,225.76,444.31,191.26,65.23,79.36,56.73
NA,Expt 1,Group,Sample 4.fcs,Sample 4,Experiment,Experiment,,syto+pe+,IgA+SYTO+,BL1-H,YL1-H,210,5,42,0.104,0.105,10688,2031,10012,1605,10887,1681,3196.45,3395.69,29.91,167.16,2853.26,306.9,28.5,19.12
NA,Expt 1,Group,,Sample 13,Experiment,Experiment,,R7,,FSC-H,SSC-H,21724,2,10862,10.735,10.735,34379,4263,19611,1984,18179,1569,41172.88,7032.52,119.76,164.96,14021.69,1617.52,71.5,81.53
NA,Expt 1,Group,Sample 6.fcs,Sample 6,Experiment,Experiment,,syto+pe+,IgA+SYTO+,BL1-H,YL1-H,281,6,46.833,0.092,0.094,9256,1716,8720,1556,8864,1552,3284.54,686.9,35.48,40.04,1519.66,253.52,17.43,16.29
NA,Expt 1,Group,,Sample 13,Experiment,Experiment,,R1,,BL1-H,YL1-H,200000,2,100000,98.834,98.834,485,192,241,115,157,96,1095.51,851.17,225.76,444.31,191.26,65.23,79.36,56.73
NA,Expt 1,Group,,Sample 14,Experiment,Experiment,N/A,All Events,,N/A,N/A,201064,5,40212.8,100,100,N/A,N/A,N/A,N/A,N/A,N/A,N/A,N/A,N/A,N/A,N/A,N/A,N/A,N/A
NA,Expt 1,Group,,Sample 14,Experiment,Experiment,,R1,,BL1-H,YL1-H,200000,5,40000,99.471,99.471,574,180,227,90,0,93,1941.88,875.42,338.27,487.57,232.77,50.41,102.54,56.01
NA,Expt 1,Group,,Sample 14,Experiment,Experiment,,R1,,FSC-H,SSC-H,200000,5,40000,99.471,99.471,5171,705,2378,207,2261,105,13372.63,2996.21,258.62,424.78,1463.33,140.85,61.54,68.04
NA,Expt 1,Group,,Sample 14,Experiment,Experiment,,R1,,YL2-H,BL2-H,200000,5,40000,99.471,99.471,243,167,163,103,0,86,519.38,289.85,213.71,173.13,109.71,66.72,67.31,64.77
NA,Expt 1,Group,,Sample 14,Experiment,Experiment,,R1,,YL1-H,,200000,5,40000,99.471,99.471,180,N/A,90,N/A,93,N/A,875.42,N/A,487.57,N/A,50.41,N/A,56.01,N/A
NA,Expt 1,Group,,Sample 14,Experiment,Experiment,,R7,,BL1-H,,27222,5,5444.4,13.539,13.611,2449,N/A,1579,N/A,925,N/A,3153.6,N/A,128.79,N/A,744.27,N/A,47.14,N/A
NA,Expt 1,Group,,Sample 14,Experiment,Experiment,,R1,,BL1-H,,200000,5,40000,99.471,99.471,574,N/A,227,N/A,0,N/A,1941.88,N/A,338.27,N/A,232.77,N/A,102.54,N/A
NA,Expt 1,Group,,Sample 14,Experiment,Experiment,,R1,,BL1-H,SSC-H,200000,5,40000,99.471,99.471,574,705,227,207,0,105,1941.88,2996.21,338.27,424.78,232.77,140.85,102.54,68.04
NA,Expt 1,Group,Sample 5.fcs,Sample 5,Experiment,Experiment,,syto+pe+,IgA+SYTO+,BL1-H,YL1-H,413,5,82.6,0.2,0.206,9337,2429,8187,2105,6952,1654,3855.31,1181.91,41.29,48.66,2087.5,633.07,25.5,30.07
NA,Expt 1,Group,Sample 7.fcs,Sample 7,Experiment,Experiment,,syto+pe+,IgA+SYTO+,BL1-H,YL1-H,89,11,8.091,0.02,0.021,11614,3054,9646,2386,5679,2708,6466.58,2177.12,55.68,71.29,4926.68,1103.05,51.07,46.23
NA,Expt 1,Group,,Sample 8,Experiment,Experiment,,syto+pe+,IgA+SYTO+,BL1-H,YL1-H,2333,8,291.625,0.421,0.424,9468,4130,8406,2935,7436,2057,6592.17,3988.79,69.62,96.58,2575.28,1715.37,30.64,58.45
NA,Expt 1,Group,,Sample 14,Experiment,Experiment,,R1,,BL1-H,YL1-H,200000,5,40000,99.471,99.471,574,180,227,90,0,93,1941.88,875.42,338.27,487.57,232.77,50.41,102.54,56.01
NA,Expt 1,Group,,Sample 9,Experiment,Experiment,,syto+pe+,IgA+SYTO+,BL1-H,YL1-H,1358,3,452.667,0.673,0.679,8862,6322,7519,4947,5241,4439,6204.54,5316.81,70.01,84.11,2498.18,3104.56,33.23,62.76
NA,Expt 1,Group,,Sample 14,Experiment,Experiment,,R7,,FSC-H,SSC-H,27222,5,5444.4,13.539,13.539,20519,2540,11388,763,11314,633,30187.01,6524.37,147.12,256.86,7956.37,558.94,69.87,73.26
NA,Expt 1,Group,,Sample 10,Experiment,Experiment,,syto+pe+,IgA+SYTO+,BL1-H,YL1-H,312,5,62.4,0.155,0.156,12189,5026,9111,2669,6337,1506,9996.85,6687.41,82.02,133.06,3997.83,1690.16,43.88,63.33
NA,Expt 1,Group,,Sample 14,Experiment,Experiment,,R1,,BL1-H,YL1-H,200000,5,40000,99.471,99.471,574,180,227,90,0,93,1941.88,875.42,338.27,487.57,232.77,50.41,102.54,56.01
NA,Expt 1,Group,Buffer.fcs,Buffer,Experiment,Experiment,N/A,All Events,,N/A,N/A,879070,31,28357.097,100,100,N/A,N/A,N/A,N/A,N/A,N/A,N/A,N/A,N/A,N/A,N/A,N/A,N/A,N/A
NA,Expt 1,Group,Buffer.fcs,Buffer,Experiment,Experiment,,R1,,BL1-H,YL1-H,877888,31,28318.968,99.866,99.866,153,103,119,90,96,86,272.56,465.57,177.61,449.97,65.23,48.93,54.82,54.36
NA,Expt 1,Group,Buffer.fcs,Buffer,Experiment,Experiment,,R1,,FSC-H,SSC-H,877888,31,28318.968,99.866,99.866,4191,681,2254,211,2028,105,9415.55,2376.24,224.64,349.03,1318.03,143.81,58.48,68.16
NA,Expt 1,Group,Buffer.fcs,Buffer,Experiment,Experiment,,R1,,YL2-H,BL2-H,877888,31,28318.968,99.866,99.866,192,109,167,89,0,86,999.51,196.04,519.98,179.11,102.3,47.44,61.26,53.31
NA,Expt 1,Group,Buffer.fcs,Buffer,Experiment,Experiment,,R1,,YL1-H,,877888,31,28318.968,99.866,99.866,103,N/A,90,N/A,86,N/A,465.57,N/A,449.97,N/A,48.93,N/A,54.36,N/A
NA,Expt 1,Group,Buffer.fcs,Buffer,Experiment,Experiment,,R7,,BL1-H,,6088,31,196.387,0.693,0.693,1407,N/A,1144,N/A,925,N/A,868.23,N/A,61.73,N/A,280.21,N/A,24.49,N/A
NA,Expt 1,Group,Buffer.fcs,Buffer,Experiment,Experiment,,R1,,BL1-H,,877888,31,28318.968,99.866,99.866,153,N/A,119,N/A,96,N/A,272.56,N/A,177.61,N/A,65.23,N/A,54.82,N/A
NA,Expt 1,Group,Buffer.fcs,Buffer,Experiment,Experiment,,R1,,BL1-H,SSC-H,877888,31,28318.968,99.866,99.866,153,681,119,211,96,105,272.56,2376.24,177.61,349.03,65.23,143.81,54.82,68.16
NA,Expt 1,Group,,Sample 11,Experiment,Experiment,,syto+pe+,IgA+SYTO+,BL1-H,YL1-H,199,4,49.75,0.098,0.1,13134,2156,10754,1778,6407,1868,7090.81,1809.41,53.99,83.91,5562.72,538.18,51.73,30.27
NA,Expt 1,Group,,Sample 12,Experiment,Experiment,,syto+pe+,IgA+SYTO+,BL1-H,YL1-H,256,4,64,0.127,0.128,11785,6168,10980,4533,14619,1230,6536.3,5229.49,55.46,84.78,6003.05,4789.54,54.67,105.66
NA,Expt 1,Group,,Sample 13,Experiment,Experiment,,syto+pe+,IgA+SYTO+,BL1-H,YL1-H,677,2,338.5,0.335,0.339,9768,3730,8391,2113,8178,1656,5302.06,4710.53,54.28,126.28,2298.03,781.33,27.39,36.98
NA,Expt 1,Group,Buffer.fcs,Buffer,Experiment,Experiment,,R1,,BL1-H,YL1-H,877888,31,28318.968,99.866,99.866,153,103,119,90,96,86,272.56,465.57,177.61,449.97,65.23,48.93,54.82,54.36
NA,Expt 1,Group,,Sample 14,Experiment,Experiment,,syto+pe+,IgA+SYTO+,BL1-H,YL1-H,424,5,84.8,0.211,0.212,15445,4236,12907,2091,9354,1391,9339.18,4178.33,60.47,98.65,5432.99,1128.26,42.09,53.96
NA,Expt 1,Group,Buffer.fcs,Buffer,Experiment,Experiment,,R7,,FSC-H,SSC-H,6088,31,196.387,0.693,0.693,65723,7361,48891,3987,44422,3082,51254.88,9294.23,77.99,126.27,36134.67,3956.32,73.91,99.24
NA,Expt 1,Group,Buffer.fcs,Buffer,Experiment,Experiment,,syto+pe+,IgA+SYTO+,BL1-H,YL1-H,22,31,0.71,0.003,0.003,17341,17710,7777,1894,6621,1680,40861.25,73073.22,235.63,412.61,1576,484.07,20.27,25.56
NA,Expt 1,Group,Buffer.fcs,Buffer,Experiment,Experiment,,R1,,BL1-H,YL1-H,877888,31,28318.968,99.866,99.866,153,103,119,90,96,86,272.56,465.57,177.61,449.97,65.23,48.93,54.82,54.36
