Plate,Experiment,Group,Filename,Sample,Workspace,Compensation Source,Plot Title,Gate,X Parameter,Y Parameter,Count,Volume,Concentration,%Total,%Gated,X Mean,Y Mean,X Median,Y Median,X Peak,Y Peak,X SD,Y SD,X %CV,Y %CV,X rSD,Y rSD,X %rCV,Y %rCV
Plate 1,Experiment,Group,1.fcs,1,Experiment,None,N/A,All Events,N/A,N/A,128304,2,64152,100,100,N/A,N/A,N/A,N/A,N/A,N/A,N/A,N/A,N/A,N/A,N/A,N/A,N/A,N/A
Plate 1,Experiment,Group,1.fcs,1,Experiment,None,,syto-pe-,BL1-H,YL1-H,17775,2,8887.5,13.854,41.303,444,106,350,92,349,87,300.88,67,67.75,63.06,200.15,54.86,57.19,59.63
Plate 1,Experiment,Group,1.fcs,1,Experiment,None,,syto-pe+,BL1-H,YL1-H,7006,2,3503,5.46,16.279,466,952,349,536,335,411,362.25,1326.08,77.77,139.3,212.01,366.2,60.75,68.32
Plate 1,Experiment,Group,1.fcs,1,Experiment,None,,syto+pe+,BL1-H,YL1-H,2000,2,1000,1.559,4.647,2888,2063,2496,1213,2059,808,1791.59,2863.63,62.04,138.81,848.79,744.27,34.01,61.36
Plate 1,Experiment,Group,1.fcs,1,Experiment,None,,syto+pe-,BL1-H,YL1-H,14079,2,7039.5,10.973,32.714,2621,129,2309,94,2142,93,1900.81,107.83,72.53,83.67,908.83,65.23,39.36,69.4
Plate 1,Experiment,Group,1.fcs,1,Experiment,None,,Cells,BL1-H,YL1-H,43036,2,21518,33.542,33.542,1310,344,754,115,349,0,1600.76,956.47,122.19,278.02,832.48,96.37,110.48,83.8
Plate 1,Experiment,Group,1.fcs,1,Experiment,None,,Cells,FSC-H,SSC-H,43036,2,21518,33.542,33.542,66950,415206,50635,400228,39874,732565,50500.63,204418.77,75.43,49.23,27240.55,259046.54,53.8,64.72
Plate 1,Experiment,Group,1.fcs,1,Experiment,None,,s-p+,BL1-H,YL1-H,5855,2,2927.5,4.563,13.605,366,891,344,490,335,246,174.47,1236.53,47.71,138.84,161.6,305.42,46.98,62.33
Plate 1,Experiment,Group,1.fcs,1,Experiment,None,,s+p+,BL1-H,YL1-H,5889,2,2944.5,4.59,13.684,2412,1130,2082,559,2059,326,1876.12,1975.51,77.79,174.82,1022.99,394.37,49.14,70.55
Plate 1,Experiment,Group,1.fcs,1,Experiment,None,,s-p-,BL1-H,YL1-H,16367,2,8183.5,12.756,38.031,327,95,302,87,349,0,178.65,55.72,54.71,58.77,158.64,54.86,52.53,63.05
Plate 1,Experiment,Group,1.fcs,1,Experiment,None,,s+p-,BL1-H,YL1-H,14925,2,7462.5,11.633,34.68,2324,93,2045,85,2142,0,1742.16,53.9,74.96,58.1,996.31,51.89,48.72,61.05
Plate 1,Experiment,Group,1.fcs,1,Experiment,None,,Cells,BL1-H,YL1-H,43036,2,21518,33.542,33.542,1310,344,754,115,349,0,1600.76,956.47,122.19,278.02,832.48,96.37,110.48,83.8
Plate 1,Experiment,Group,2.fcs,2,Experiment,None,N/A,All Events,N/A,N/A,286098,5,57219.6,100,100,N/A,N/A,N/A,N/A,N/A,N/A,N/A,N/A,N/A,N/A,N/A,N/A,N/A,N/A
Plate 1,Experiment,Group,2.fcs,2,Experiment,None,,syto-pe-,BL1-H,YL1-H,84740,5,16948,29.619,61.7,603,99,574,82,963,86,311.9,69.85,51.72,70.59,360.27,50.41,62.77,61.47
Plate 1,Experiment,Group,2.fcs,2,Experiment,None,,syto-pe+,BL1-H,YL1-H,17516,5,3503.2,6.122,12.754,726,774,692,566,841,496,386.69,1001.55,53.27,129.33,438.11,260.94,63.36,46.1
Plate 1,Experiment,Group,2.fcs,2,Experiment,None,,syto+pe+,BL1-H,YL1-H,2000,5,400,0.699,1.456,2470,1431,2019,935,1722,735,2759.79,1511.63,111.72,105.6,440.33,401.78,21.81,42.97
Plate 1,Experiment,Group,2.fcs,2,Experiment,None,,syto+pe-,BL1-H,YL1-H,23625,5,4725,8.258,17.202,2086,109,1658,81,1447,86,4408.26,101.2,211.36,92.98,452.19,62.27,27.27,76.88
Plate 1,Experiment,Group,2.fcs,2,Experiment,None,,Cells,BL1-H,YL1-H,137341,5,27468.2,48.005,48.005,926,205,727,92,963,0,2075.88,490.98,224.29,239.04,526.32,71.16,72.4,77.35
Plate 1,Experiment,Group,2.fcs,2,Experiment,None,,Cells,FSC-H,SSC-H,137341,5,27468.2,48.005,48.005,75248,398733,50965,379665,26209,536572,69179.39,189050.48,91.94,47.41,29073.79,221673.9,57.05,58.39
Plate 1,Experiment,Group,2.fcs,2,Experiment,None,,s-p+,BL1-H,YL1-H,12381,5,2476.2,4.328,9.015,520,626,536,460,841,255,204.78,778.02,39.35,124.2,241.66,231.29,45.09,50.28
Plate 1,Experiment,Group,2.fcs,2,Experiment,None,,s+p+,BL1-H,YL1-H,14755,5,2951,5.157,10.743,1639,768,1309,513,1229,373,2520.81,1067.13,153.85,138.97,453.68,292.07,34.66,56.93
Plate 1,Experiment,Group,2.fcs,2,Experiment,None,,s-p-,BL1-H,YL1-H,67649,5,13529.8,23.645,49.256,450,78,445,71,819,0,218.94,50.14,48.67,64.12,259.45,47.44,58.3,66.82
Plate 1,Experiment,Group,2.fcs,2,Experiment,None,,s+p-,BL1-H,YL1-H,42556,5,8511.2,14.875,30.986,1552,90,1241,83,926,0,3261.8,52.72,210.12,58.52,395.85,50.41,31.9,60.73
Plate 1,Experiment,Group,2.fcs,2,Experiment,None,,Cells,BL1-H,YL1-H,137341,5,27468.2,48.005,48.005,926,205,727,92,963,0,2075.88,490.98,224.29,239.04,526.32,71.16,72.4,77.35
Plate 1,Experiment,Group,3.fcs,3,Experiment,None,N/A,All Events,N/A,N/A,317024,5,63404.8,100,100,N/A,N/A,N/A,N/A,N/A,N/A,N/A,N/A,N/A,N/A,N/A,N/A,N/A,N/A
Plate 1,Experiment,Group,3.fcs,3,Experiment,None,,syto-pe-,BL1-H,YL1-H,82263,5,16452.6,25.949,63.2,586,100,550,81,776,87,300.37,73.22,51.25,73.19,333.58,54.86,60.65,67.72
Plate 1,Experiment,Group,3.fcs,3,Experiment,None,,syto-pe+,BL1-H,YL1-H,19888,5,3977.6,6.273,15.279,717,1290,676,685,925,410,380.47,1909.65,53.07,148.09,428.47,464.05,63.38,67.75
Plate 1,Experiment,Group,3.fcs,3,Experiment,None,,syto+pe+,BL1-H,YL1-H,2000,5,400,0.631,1.537,2262,3065,1931,1567,1656,705,1758.16,4562.37,77.73,148.87,361.01,1217.96,18.7,77.75
Plate 1,Experiment,Group,3.fcs,3,Experiment,None,,syto+pe-,BL1-H,YL1-H,13984,5,2796.8,4.411,10.743,1707,98,1547,70,1527,2,3136.75,99.15,183.74,100.72,415.13,71.16,26.83,101.66
Plate 1,Experiment,Group,3.fcs,3,Experiment,None,,Cells,BL1-H,YL1-H,130163,5,26032.6,41.058,41.058,766,323,642,91,776,0,1168.8,1086.48,152.65,336.2,438.85,85.99,68.36,94.5
Plate 1,Experiment,Group,3.fcs,3,Experiment,None,,Cells,FSC-H,SSC-H,130163,5,26032.6,41.058,41.058,61767,386135,45459,360974,27662,488055,53172.06,189956.16,86.09,49.19,21075.16,220326.22,46.36,61.04
Plate 1,Experiment,Group,3.fcs,3,Experiment,None,,s-p+,BL1-H,YL1-H,14729,5,2945.8,4.646,11.316,518,933,534,496,842,245,202.65,1336.42,39.1,143.24,237.22,315.79,44.42,63.67
Plate 1,Experiment,Group,3.fcs,3,Experiment,None,,s+p+,BL1-H,YL1-H,14183,5,2836.6,4.474,10.896,1423,1438,1237,616,1133,246,1027.14,2626.58,72.16,182.62,373.62,480.36,30.2,77.98
Plate 1,Experiment,Group,3.fcs,3,Experiment,None,,s-p-,BL1-H,YL1-H,70975,5,14195,22.388,54.528,448,74,441,65,0,0,213.05,54.41,47.53,73.82,249.08,51.89,56.48,79.83
Plate 1,Experiment,Group,3.fcs,3,Experiment,None,,s+p-,BL1-H,YL1-H,30276,5,6055.2,9.55,23.26,1322,89,1148,81,877,0,2115.23,58.1,159.97,65.35,306.9,59.3,26.73,73.21
Plate 1,Experiment,Group,3.fcs,3,Experiment,None,,Cells,BL1-H,YL1-H,130163,5,26032.6,41.058,41.058,766,323,642,91,776,0,1168.8,1086.48,152.65,336.2,438.85,85.99,68.36,94.5
Plate 1,Experiment,Group,4.fcs,4,Experiment,None,N/A,All Events,N/A,N/A,180206,3,60068.667,100,100,N/A,N/A,N/A,N/A,N/A,N/A,N/A,N/A,N/A,N/A,N/A,N/A,N/A,N/A
Plate 1,Experiment,Group,4.fcs,4,Experiment,None,,syto-pe-,BL1-H,YL1-H,46461,3,15487,25.782,57.356,581,99,538,80,669,87,301.47,72.78,51.89,73.14,330.62,54.86,61.45,68.57
Plate 1,Experiment,Group,4.fcs,4,Experiment,None,,syto-pe+,BL1-H,YL1-H,13141,3,4380.333,7.292,16.223,721,1917,677,768,1133,416,383,3429.95,53.15,178.91,434.4,596.01,64.17,77.6
Plate 1,Experiment,Group,4.fcs,4,Experiment,None,,syto+pe+,BL1-H,YL1-H,2000,3,666.667,1.11,2.469,2424,5147,2018,1835,1843,889,2716.38,13154.56,112.04,255.59,438.11,1598.98,21.71,87.16
Plate 1,Experiment,Group,4.fcs,4,Experiment,None,,syto+pe-,BL1-H,YL1-H,11757,3,3919,6.524,14.514,1850,106,1654,76,1487,2,1876.47,102.8,101.43,96.84,474.43,71.16,28.68,93.64
Plate 1,Experiment,Group,4.fcs,4,Experiment,None,,Cells,BL1-H,YL1-H,81004,3,27001.333,44.951,44.951,855,516,676,93,669,0,1043.37,2679.58,122.06,519.25,489.26,90.44,72.38,97.25
Plate 1,Experiment,Group,4.fcs,4,Experiment,None,,Cells,FSC-H,SSC-H,81004,3,27001.333,44.951,44.951,69005,346376,48186,310001,37283,303960,59100.71,179828.42,85.65,51.92,24784.62,187020.35,51.44,60.33
Plate 1,Experiment,Group,4.fcs,4,Experiment,None,,s-p+,BL1-H,YL1-H,9404,3,3134.667,5.218,11.609,512,1372,520,545,755,246,200.75,2515.46,39.24,183.32,235.73,386.96,45.33,71
Plate 1,Experiment,Group,4.fcs,4,Experiment,None,,s+p+,BL1-H,YL1-H,10126,3,3375.333,5.619,12.501,1601,2381,1322,710,1196,285,1975.18,6798.64,123.38,285.49,470.73,609.35,35.62,85.82
Plate 1,Experiment,Group,4.fcs,4,Experiment,None,,s-p-,BL1-H,YL1-H,40658,3,13552.667,22.562,50.193,446,73,433,65,608,0,208.9,54.61,46.8,74.53,241.66,53.37,55.81,82.11
Plate 1,Experiment,Group,4.fcs,4,Experiment,None,,s+p-,BL1-H,YL1-H,20816,3,6938.667,11.551,25.697,1445,87,1239,79,877,0,1112.5,57.9,77.02,66.77,403.27,57.82,32.55,73.19
Plate 1,Experiment,Group,4.fcs,4,Experiment,None,,Cells,BL1-H,YL1-H,81004,3,27001.333,44.951,44.951,855,516,676,93,669,0,1043.37,2679.58,122.06,519.25,489.26,90.44,72.38,97.25
Plate 1,Experiment,Group,5.fcs,5,Experiment,None,N/A,All Events,N/A,N/A,417115,7,59587.857,100,100,N/A,N/A,N/A,N/A,N/A,N/A,N/A,N/A,N/A,N/A,N/A,N/A,N/A,N/A
Plate 1,Experiment,Group,5.fcs,5,Experiment,None,,syto-pe-,BL1-H,YL1-H,109420,7,15631.429,26.233,66.141,560,108,499,89,374,87,310.86,72.81,55.48,67.49,335.07,51.89,67.15,58.3
Plate 1,Experiment,Group,5.fcs,5,Experiment,None,,syto-pe+,BL1-H,YL1-H,24121,7,3445.857,5.783,14.58,687,906,640,547,964,484,375.57,1534.11,54.7,169.28,415.13,280.21,64.86,51.23
Plate 1,Experiment,Group,5.fcs,5,Experiment,None,,syto+pe+,BL1-H,YL1-H,2000,7,285.714,0.479,1.209,2369,2483,2004,1050,1657,669,1809.79,10476.56,76.4,421.87,425.51,562.65,21.23,53.61
Plate 1,Experiment,Group,5.fcs,5,Experiment,None,,syto+pe-,BL1-H,YL1-H,21831,7,3118.714,5.234,13.196,2027,109,1640,81,1506,92,3375.76,99.48,166.58,91.12,413.65,59.3,25.22,73.21
Plate 1,Experiment,Group,5.fcs,5,Experiment,None,,Cells,BL1-H,YL1-H,165434,7,23633.429,39.661,39.661,814,253,631,100,964,0,1384.75,1347.67,170.17,532.81,477.4,75.61,75.66,75.61
Plate 1,Experiment,Group,5.fcs,5,Experiment,None,,Cells,FSC-H,SSC-H,165434,7,23633.429,39.661,39.661,64408,344969,44375,308937,34358,420463,60276.22,183525.2,93.58,53.2,19456.16,197062.74,43.84,63.79
Plate 1,Experiment,Group,5.fcs,5,Experiment,None,,s-p+,BL1-H,YL1-H,19149,7,2735.571,4.591,11.575,519,713,528,424,745,246,198.53,1155.95,38.28,162.18,238.7,213.49,45.21,50.35
Plate 1,Experiment,Group,5.fcs,5,Experiment,None,,s+p+,BL1-H,YL1-H,17554,7,2507.714,4.208,10.611,1498,951,1239,485,964,245,1830.75,3837.53,122.24,403.69,391.41,274.28,31.59,56.55
Plate 1,Experiment,Group,5.fcs,5,Experiment,None,,s-p-,BL1-H,YL1-H,87263,7,12466.143,20.921,52.748,420,87,392,80,374,0,207.62,50.73,49.38,58.06,228.32,47.44,58.24,59.3
Plate 1,Experiment,Group,5.fcs,5,Experiment,None,,s+p-,BL1-H,YL1-H,41468,7,5924,9.942,25.066,1488,94,1224,86,964,0,2259.16,52.86,151.81,56.43,373.62,50.41,30.52,58.61
Plate 1,Experiment,Group,5.fcs,5,Experiment,None,,Cells,BL1-H,YL1-H,165434,7,23633.429,39.661,39.661,814,253,631,100,964,0,1384.75,1347.67,170.17,532.81,477.4,75.61,75.66,75.61
Plate 1,Experiment,Group,6.fcs,6,Experiment,None,N/A,All Events,N/A,N/A,1679899,29,57927.552,100,100,N/A,N/A,N/A,N/A,N/A,N/A,N/A,N/A,N/A,N/A,N/A,N/A,N/A,N/A
Plate 1,Experiment,Group,6.fcs,6,Experiment,None,,syto-pe-,BL1-H,YL1-H,414814,29,14303.931,24.693,71.337,461,95,412,82,373,86,247.71,63.4,53.79,66.53,225.36,53.37,54.7,65.09
Plate 1,Experiment,Group,6.fcs,6,Experiment,None,,syto-pe+,BL1-H,YL1-H,85896,29,2961.931,5.113,14.772,496,1750,438,555,374,374,292.91,4159.42,59.06,237.63,253.52,382.51,57.88,68.92
Plate 1,Experiment,Group,6.fcs,6,Experiment,None,,syto+pe+,BL1-H,YL1-H,1732,29,59.724,0.103,0.298,2829,17142,2003,2275,1725,735,3571.21,39305.28,126.22,229.3,469.24,2341.77,23.43,102.93
Plate 1,Experiment,Group,6.fcs,6,Experiment,None,,syto+pe-,BL1-H,YL1-H,21879,29,754.448,1.302,3.763,1445,74,1403,45,1447,2,780.18,89.13,53.99,120.19,508.53,54.86,36.25,121.9
Plate 1,Experiment,Group,6.fcs,6,Experiment,None,,Cells,BL1-H,YL1-H,581482,29,20051.103,34.614,34.614,514,383,426,87,374,0,433.82,2887.59,84.32,754.37,252.04,78.58,59.16,90.32
Plate 1,Experiment,Group,6.fcs,6,Experiment,None,,Cells,FSC-H,SSC-H,581482,29,20051.103,34.614,34.614,65013,342757,43153,299420,35302,338580,69306.89,190110.25,106.6,55.47,18492.47,201925.67,42.85,67.44
Plate 1,Experiment,Group,6.fcs,6,Experiment,None,,s-p+,BL1-H,YL1-H,82876,29,2857.793,4.933,14.253,455,1347,446,465,483,245,190.24,2896.79,41.8,215.04,207.56,286.14,46.54,61.54
Plate 1,Experiment,Group,6.fcs,6,Experiment,None,,s+p+,BL1-H,YL1-H,19615,29,676.379,1.168,3.373,1337,3738,1098,561,889,246,1289.12,13936.08,96.42,372.84,269.83,419.58,24.57,74.79
Plate 1,Experiment,Group,6.fcs,6,Experiment,None,,s-p-,BL1-H,YL1-H,421594,29,14537.724,25.096,72.503,395,78,374,71,373,0,192.56,56.07,48.8,71.98,198.67,56.34,53.12,79.35
Plate 1,Experiment,Group,6.fcs,6,Experiment,None,,s+p-,BL1-H,YL1-H,57397,29,1979.207,3.417,9.871,1200,83,1069,77,864,0,450.47,59.7,37.55,71.71,234.25,62.27,21.91,80.87
Plate 1,Experiment,Group,6.fcs,6,Experiment,None,,Cells,BL1-H,YL1-H,581482,29,20051.103,34.614,34.614,514,383,426,87,374,0,433.82,2887.59,84.32,754.37,252.04,78.58,59.16,90.32
Plate 1,Experiment,Group,7.fcs,7,Experiment,None,N/A,All Events,N/A,N/A,1264145,23,54962.826,100,100,N/A,N/A,N/A,N/A,N/A,N/A,N/A,N/A,N/A,N/A,N/A,N/A,N/A,N/A
Plate 1,Experiment,Group,7.fcs,7,Experiment,None,,syto-pe-,BL1-H,YL1-H,276264,23,12011.478,21.854,58.779,483,89,436,74,400,87,257.48,64.97,53.36,73.12,244.63,51.89,56.11,70.12
Plate 1,Experiment,Group,7.fcs,7,Experiment,None,,syto-pe+,BL1-H,YL1-H,76480,23,3325.217,6.05,16.272,552,2041,495,753,608,400,316.48,3982.45,57.35,195.12,296.52,615.28,59.9,81.71
Plate 1,Experiment,Group,7.fcs,7,Experiment,None,,syto+pe+,BL1-H,YL1-H,2000,23,86.957,0.158,0.426,2472,8733,1949,2006,1632,1164,2180.91,21724.74,88.22,248.76,413.65,1789.5,21.22,89.21
Plate 1,Experiment,Group,7.fcs,7,Experiment,None,,syto+pe-,BL1-H,YL1-H,23677,23,1029.435,1.873,5.038,1500,70,1376,35,1370,2,1221.99,90.02,81.48,128.56,576.73,44.48,41.91,127.08
Plate 1,Experiment,Group,7.fcs,7,Experiment,None,,Cells,BL1-H,YL1-H,470007,23,20435.087,37.18,37.18,557,429,459,71,0,0,507.45,2325.73,91.04,542.17,290.59,90.44,63.31,127.38
Plate 1,Experiment,Group,7.fcs,7,Experiment,None,,Cells,FSC-H,SSC-H,470007,23,20435.087,37.18,37.18,65700,386079,45817,359581,27296,581857,62398.48,191233.64,94.97,49.53,21647.44,221983.76,47.25,61.73
Plate 1,Experiment,Group,7.fcs,7,Experiment,None,,s-p+,BL1-H,YL1-H,68648,23,2984.696,5.43,14.606,465,1637,465,620,608,245,200.78,2942.27,43.14,179.77,223.87,489.26,48.14,78.91
Plate 1,Experiment,Group,7.fcs,7,Experiment,None,,s+p+,BL1-H,YL1-H,21722,23,944.435,1.718,4.622,1329,3026,1108,736,876,246,1037.89,8713.12,78.1,287.95,269.83,650.12,24.35,88.33
Plate 1,Experiment,Group,7.fcs,7,Experiment,None,,s-p-,BL1-H,YL1-H,323155,23,14050.217,25.563,68.755,402,61,387,51,0,0,203.19,56.09,50.54,92.4,217.94,62.27,56.32,122.1
Plate 1,Experiment,Group,7.fcs,7,Experiment,None,,s+p-,BL1-H,YL1-H,56482,23,2455.739,4.468,12.017,1262,69,1090,59,865,0,755,61.39,59.84,88.4,255.01,71.16,23.4,120.62
Plate 1,Experiment,Group,7.fcs,7,Experiment,None,,Cells,BL1-H,YL1-H,470007,23,20435.087,37.18,37.18,557,429,459,71,0,0,507.45,2325.73,91.04,542.17,290.59,90.44,63.31,127.38
Plate 1,Experiment,Group,8.fcs,8,Experiment,None,N/A,All Events,N/A,N/A,69650,1,69650,100,100,N/A,N/A,N/A,N/A,N/A,N/A,N/A,N/A,N/A,N/A,N/A,N/A,N/A,N/A
Plate 1,Experiment,Group,8.fcs,8,Experiment,None,,syto-pe-,BL1-H,YL1-H,6870,1,6870,9.864,21.472,554,94,474,84,400,86,334.18,58.34,60.36,61.8,361.75,41.51,76.32,49.42
Plate 1,Experiment,Group,8.fcs,8,Experiment,None,,syto-pe+,BL1-H,YL1-H,1006,1,1006,1.444,3.144,693,1034,612,626,1337,642,446.23,1378.07,64.39,133.26,524.84,424.02,85.76,67.74
Plate 1,Experiment,Group,8.fcs,8,Experiment,None,,syto+pe+,BL1-H,YL1-H,2000,1,2000,2.872,6.251,5164,2153,3941,1272,4159,669,16407.74,2951.24,317.76,137.08,1992.61,767.99,50.56,60.38
Plate 1,Experiment,Group,8.fcs,8,Experiment,None,,syto+pe-,BL1-H,YL1-H,20838,1,20838,29.918,65.129,4162,118,3169,92,3438,86,8065.93,97.29,193.78,82.33,1617.52,51.89,51.04,56.4
Plate 1,Experiment,Group,8.fcs,8,Experiment,None,,Cells,BL1-H,YL1-H,31995,1,31995,45.937,45.937,3247,270,2486,95,2964,86,7877.37,935.68,242.61,345.92,2053.4,59.3,82.6,62.43
Plate 1,Experiment,Group,8.fcs,8,Experiment,None,,Cells,FSC-H,SSC-H,31995,1,31995,45.937,45.937,72779,382132,48302,363978,40969,475058,70913.69,181066.31,97.44,47.38,22716.4,204311.17,47.03,56.13
Plate 1,Experiment,Group,8.fcs,8,Experiment,None,,s-p+,BL1-H,YL1-H,671,1,671,0.963,2.097,460,887,458,504,0,288,218.79,1340.77,47.55,151.15,253.52,320.24,55.35,63.54
Plate 1,Experiment,Group,8.fcs,8,Experiment,None,,s+p+,BL1-H,YL1-H,4802,1,4802,6.894,15.009,4849,1186,3606,579,4159,236,12841.3,2120.6,264.8,178.73,2091.95,422.54,58.01,72.98
Plate 1,Experiment,Group,8.fcs,8,Experiment,None,,s-p-,BL1-H,YL1-H,5609,1,5609,8.053,17.531,384,82,352,77,0,87,222.56,45.03,57.92,54.79,237.22,40.03,67.39,51.99
Plate 1,Experiment,Group,8.fcs,8,Experiment,None,,s+p-,BL1-H,YL1-H,20913,1,20913,30.026,65.363,3736,91,2883,86,2963,86,7334.05,47.4,196.3,52.15,1635.31,44.48,56.72,51.72
Plate 1,Experiment,Group,8.fcs,8,Experiment,None,,Cells,BL1-H,YL1-H,31995,1,31995,45.937,45.937,3247,270,2486,95,2964,86,7877.37,935.68,242.61,345.92,2053.4,59.3,82.6,62.43
Plate 1,Experiment,Group,9.fcs,9,Experiment,None,N/A,All Events,N/A,N/A,127321,2,63660.5,100,100,N/A,N/A,N/A,N/A,N/A,N/A,N/A,N/A,N/A,N/A,N/A,N/A,N/A,N/A
Plate 1,Experiment,Group,9.fcs,9,Experiment,None,,syto-pe-,BL1-H,YL1-H,35156,2,17578,27.612,55.725,596,92,561,75,963,87,314.35,67.42,52.74,73.51,366.2,44.48,65.28,59.3
Plate 1,Experiment,Group,9.fcs,9,Experiment,None,,syto-pe+,BL1-H,YL1-H,6909,2,3454.5,5.426,10.951,763,2065,726,630,1213,470,392.58,4370.08,51.46,211.65,458.12,366.2,63.1,58.13
Plate 1,Experiment,Group,9.fcs,9,Experiment,None,,syto+pe+,BL1-H,YL1-H,2000,2,1000,1.571,3.17,2526,11162,2251,3879,1724,600,1044.48,13881.18,41.34,124.36,673.84,4765.08,29.94,122.86
Plate 1,Experiment,Group,9.fcs,9,Experiment,None,,syto+pe-,BL1-H,YL1-H,13301,2,6650.5,10.447,21.083,1905,98,1701,73,1506,93,870.1,95.42,45.67,97.03,514.46,54.86,30.24,75.15
Plate 1,Experiment,Group,9.fcs,9,Experiment,None,,Cells,BL1-H,YL1-H,63088,2,31544,49.55,49.55,981,657,789,82,963,0,803.62,3492.29,81.9,531.26,607.87,65.23,77.04,79.55
Plate 1,Experiment,Group,9.fcs,9,Experiment,None,,Cells,FSC-H,SSC-H,63088,2,31544,49.55,49.55,73585,368785,48476,340933,34361,409362,73637.29,182968.55,100.07,49.61,24166.38,201252.57,49.85,59.03
Plate 1,Experiment,Group,9.fcs,9,Experiment,None,,s-p+,BL1-H,YL1-H,4647,2,2323.5,3.65,7.366,524,1208,537,486,651,309,199.63,2521.97,38.1,208.85,235.73,271.32,43.9,55.83
Plate 1,Experiment,Group,9.fcs,9,Experiment,None,,s+p+,BL1-H,YL1-H,7417,2,3708.5,5.825,11.757,1748,4328,1474,634,963,256,934.9,9151.17,53.48,211.46,621.21,484.81,42.14,76.47
Plate 1,Experiment,Group,9.fcs,9,Experiment,None,,s-p-,BL1-H,YL1-H,29136,2,14568,22.884,46.183,447,69,435,64,776,0,216.95,47.91,48.55,69.12,259.45,44.48,59.64,69.5
Plate 1,Experiment,Group,9.fcs,9,Experiment,None,,s+p-,BL1-H,YL1-H,21888,2,10944,17.191,34.694,1530,80,1306,74,938,0,754.65,50.33,49.33,63.2,461.09,47.44,35.31,64.11
Plate 1,Experiment,Group,9.fcs,9,Experiment,None,,Cells,BL1-H,YL1-H,63088,2,31544,49.55,49.55,981,657,789,82,963,0,803.62,3492.29,81.9,531.26,607.87,65.23,77.04,79.55
Plate 1,Experiment,Group,10.fcs,10,Experiment,None,N/A,All Events,N/A,N/A,82871,1,82871,100,100,N/A,N/A,N/A,N/A,N/A,N/A,N/A,N/A,N/A,N/A,N/A,N/A,N/A,N/A
Plate 1,Experiment,Group,10.fcs,10,Experiment,None,,syto-pe-,BL1-H,YL1-H,20152,1,20152,24.317,51.217,563,90,497,78,938,87,318.15,58.72,56.46,65.23,357.31,43,71.89,55.12
Plate 1,Experiment,Group,10.fcs,10,Experiment,None,,syto-pe+,BL1-H,YL1-H,6578,1,6578,7.938,16.718,839,2031,848,1593,1046,1925,394.89,2137.95,47.05,105.27,478.88,1376.59,56.47,86.42
Plate 1,Experiment,Group,10.fcs,10,Experiment,None,,syto+pe+,BL1-H,YL1-H,2000,1,2000,2.413,5.083,2532,3109,2095,2315,1795,3627,3083.99,3971.8,121.8,127.75,525.58,1664.22,25.09,71.89
Plate 1,Experiment,Group,10.fcs,10,Experiment,None,,syto+pe-,BL1-H,YL1-H,8202,1,8202,9.897,20.846,2090,95,1799,76,1485,86,1689.09,84.66,80.84,88.7,598.97,51.89,33.29,68.28
Plate 1,Experiment,Group,10.fcs,10,Experiment,None,,Cells,BL1-H,YL1-H,39346,1,39346,47.479,47.479,1057,570,835,94,1046,0,1346.26,1563.98,127.37,274.26,687.93,75.61,82.39,80.44
Plate 1,Experiment,Group,10.fcs,10,Experiment,None,,Cells,FSC-H,SSC-H,39346,1,39346,47.479,47.479,59210,334190,44145,295390,34823,291699,46564.07,179229.2,78.64,53.63,18719.31,184492.52,42.4,62.46
Plate 1,Experiment,Group,10.fcs,10,Experiment,None,,s-p+,BL1-H,YL1-H,3387,1,3387,4.087,8.608,526,1620,537,1132,755,368,202.25,1663.31,38.44,102.65,250.56,1122.33,46.66,99.15
Plate 1,Experiment,Group,10.fcs,10,Experiment,None,,s+p+,BL1-H,YL1-H,6385,1,6385,7.705,16.228,1741,2288,1424,1686,1046,2770,2045.07,2990.7,117.46,130.72,555.97,1592.31,39.04,94.44
Plate 1,Experiment,Group,10.fcs,10,Experiment,None,,s-p-,BL1-H,YL1-H,16536,1,16536,19.954,42.027,417,76,385,70,819,0,213.64,47.23,51.18,62.49,234.25,43,60.84,61.42
Plate 1,Experiment,Group,10.fcs,10,Experiment,None,,s+p-,BL1-H,YL1-H,13038,1,13038,15.733,33.137,1671,84,1369,78,977,0,1468,49.19,87.86,58.73,536.7,47.44,39.2,60.82
Plate 1,Experiment,Group,10.fcs,10,Experiment,None,,Cells,BL1-H,YL1-H,39346,1,39346,47.479,47.479,1057,570,835,94,1046,0,1346.26,1563.98,127.37,274.26,687.93,75.61,82.39,80.44
Plate 1,Experiment,Group,11.fcs,11,Experiment,None,N/A,All Events,N/A,N/A,80401,1,80401,100,100,N/A,N/A,N/A,N/A,N/A,N/A,N/A,N/A,N/A,N/A,N/A,N/A,N/A,N/A
Plate 1,Experiment,Group,11.fcs,11,Experiment,None,,syto-pe-,BL1-H,YL1-H,18791,1,18791,23.372,47.313,636,102,614,82,991,86,307.69,74.33,48.36,72.88,361.75,50.41,58.92,61.47
Plate 1,Experiment,Group,11.fcs,11,Experiment,None,,syto-pe+,BL1-H,YL1-H,9198,1,9198,11.44,23.159,797,1113,775,722,925,746,379.32,1663.36,47.59,149.49,438.85,376.58,56.63,52.16
Plate 1,Experiment,Group,11.fcs,11,Experiment,None,,syto+pe+,BL1-H,YL1-H,2000,1,2000,2.488,5.036,2504,3805,2104,1345,1635,724,1779.63,8511.74,71.06,223.68,532.25,923.66,25.3,68.67
Plate 1,Experiment,Group,11.fcs,11,Experiment,None,,syto+pe-,BL1-H,YL1-H,7399,1,7399,9.203,18.63,2062,103,1688,73,1567,93,4605.7,103.21,223.34,99.93,490.74,54.86,29.07,75.15
Plate 1,Experiment,Group,11.fcs,11,Experiment,None,,Cells,BL1-H,YL1-H,39716,1,39716,49.397,49.397,1062,523,851,109,745,0,2194.62,2246.03,206.59,429.34,585.63,108.23,68.82,99.29
Plate 1,Experiment,Group,11.fcs,11,Experiment,None,,Cells,FSC-H,SSC-H,39716,1,39716,49.397,49.397,68411,357839,48770,328635,37776,426277,58502.27,179305.87,85.52,50.11,23808.33,193767.66,48.82,58.96
Plate 1,Experiment,Group,11.fcs,11,Experiment,None,,s-p+,BL1-H,YL1-H,5552,1,5552,6.905,13.979,537,860,554,595,745,633,195.22,1141.03,36.38,132.68,237.22,337.29,42.82,56.74
Plate 1,Experiment,Group,11.fcs,11,Experiment,None,,s+p+,BL1-H,YL1-H,7848,1,7848,9.761,19.76,1674,1768,1372,780,990,704,1643.44,4723.98,98.2,267.21,523.36,539.67,38.15,69.19
Plate 1,Experiment,Group,11.fcs,11,Experiment,None,,s-p-,BL1-H,YL1-H,14232,1,14232,17.701,35.834,478,80,475,71,745,0,209.25,52.06,43.75,65.33,253.52,47.44,53.37,66.82
Plate 1,Experiment,Group,11.fcs,11,Experiment,None,,s+p-,BL1-H,YL1-H,12084,1,12084,15.03,30.426,1595,82,1293,75,864,0,3598.99,50.99,225.68,61.99,444.78,45.96,34.4,61.28
Plate 1,Experiment,Group,11.fcs,11,Experiment,None,,Cells,BL1-H,YL1-H,39716,1,39716,49.397,49.397,1062,523,851,109,745,0,2194.62,2246.03,206.59,429.34,585.63,108.23,68.82,99.29
Plate 1,Experiment,Group,12.fcs,12,Experiment,None,N/A,All Events,N/A,N/A,199033,3,66344.333,100,100,N/A,N/A,N/A,N/A,N/A,N/A,N/A,N/A,N/A,N/A,N/A,N/A,N/A,N/A
Plate 1,Experiment,Group,12.fcs,12,Experiment,None,,syto-pe-,BL1-H,YL1-H,51700,3,17233.333,25.976,59.242,655,90,645,80,865,87,296.72,54.41,45.28,60.71,351.38,40.03,54.48,50.04
Plate 1,Experiment,Group,12.fcs,12,Experiment,None,,syto-pe+,BL1-H,YL1-H,5617,3,1872.333,2.822,6.436,862,2398,878,1172,1196,416,392.72,3492.01,45.57,145.63,468.5,1122.33,53.36,95.76
Plate 1,Experiment,Group,12.fcs,12,Experiment,None,,syto+pe+,BL1-H,YL1-H,2000,3,666.667,1.005,2.292,2552,5714,2140,2734,1677,950,1785.36,9773.46,69.97,171.03,590.07,2785.81,27.57,101.89
Plate 1,Experiment,Group,12.fcs,12,Experiment,None,,syto+pe-,BL1-H,YL1-H,22198,3,7399.333,11.153,25.436,2031,95,1709,82,1446,86,4487.56,74.67,221,78.29,492.22,48.93,28.8,59.67
Plate 1,Experiment,Group,12.fcs,12,Experiment,None,,Cells,BL1-H,YL1-H,87269,3,29089.667,43.846,43.846,1090,368,887,85,1017,0,2381.08,1992.89,218.47,541.26,594.52,50.41,67.03,59.3
Plate 1,Experiment,Group,12.fcs,12,Experiment,None,,Cells,FSC-H,SSC-H,87269,3,29089.667,43.846,43.846,74258,377408,49052,352970,38822,426092,72276.02,180100.78,97.33,47.72,24184.17,198690.64,49.3,56.29
Plate 1,Experiment,Group,12.fcs,12,Experiment,None,,s-p+,BL1-H,YL1-H,3002,3,1000.667,1.508,3.44,551,1575,575,645,842,256,200,2583.65,36.33,164.02,235.73,543.37,41,84.31
Plate 1,Experiment,Group,12.fcs,12,Experiment,None,,s+p+,BL1-H,YL1-H,7244,3,2414.667,3.64,8.301,1812,2918,1472,934,1245,242,1568.71,6089.81,86.56,208.72,582.66,965.91,39.58,103.42
Plate 1,Experiment,Group,12.fcs,12,Experiment,None,,s-p-,BL1-H,YL1-H,38321,3,12773.667,19.254,43.911,501,76,506,72,830,0,205.79,43.09,41.1,56.81,249.08,40.03,49.22,55.6
Plate 1,Experiment,Group,12.fcs,12,Experiment,None,,s+p-,BL1-H,YL1-H,38702,3,12900.667,19.445,44.348,1580,87,1309,83,1017,0,3402.18,45.65,215.34,52.56,465.54,43,35.56,51.8
Plate 1,Experiment,Group,12.fcs,12,Experiment,None,,Cells,BL1-H,YL1-H,87269,3,29089.667,43.846,43.846,1090,368,887,85,1017,0,2381.08,1992.89,218.47,541.26,594.52,50.41,67.03,59.3
Plate 1,Experiment,Group,13.fcs,13,Experiment,None,N/A,All Events,N/A,N/A,58456,1,58456,100,100,N/A,N/A,N/A,N/A,N/A,N/A,N/A,N/A,N/A,N/A,N/A,N/A,N/A,N/A
Plate 1,Experiment,Group,13.fcs,13,Experiment,None,,syto-pe-,BL1-H,YL1-H,6362,1,6362,10.883,29.053,674,118,651,99,1135,92,339.45,73.45,50.36,62.37,432.92,50.41,66.5,50.92
Plate 1,Experiment,Group,13.fcs,13,Experiment,None,,syto-pe+,BL1-H,YL1-H,1667,1,1667,2.852,7.613,826,1176,791,592,1505,569,454.86,2134.81,55.05,181.58,628.62,346.93,79.47,58.6
Plate 1,Experiment,Group,13.fcs,13,Experiment,None,,syto+pe+,BL1-H,YL1-H,2000,1,2000,3.421,9.133,3152,4246,2642,1242,1751,653,1609.87,11937.98,51.07,281.17,1010.39,802.09,38.24,64.58
Plate 1,Experiment,Group,13.fcs,13,Experiment,None,,syto+pe-,BL1-H,YL1-H,10775,1,10775,18.433,49.205,2567,136,2124,101,1724,87,1408.31,109.57,54.86,80.39,781.33,62.27,36.79,61.65
Plate 1,Experiment,Group,13.fcs,13,Experiment,None,,Cells,BL1-H,YL1-H,21898,1,21898,37.461,37.461,1886,588,1594,117,1724,87,1485.01,3845.67,78.72,653.77,1095.64,85.99,68.74,73.5
Plate 1,Experiment,Group,13.fcs,13,Experiment,None,,Cells,FSC-H,SSC-H,21898,1,21898,37.461,37.461,70258,355049,48868,325425,43832,347641,65560.59,171847.56,93.31,48.4,21444.33,174467.92,43.88,53.61
Plate 1,Experiment,Group,13.fcs,13,Experiment,None,,s-p+,BL1-H,YL1-H,998,1,998,1.707,4.557,486,791,481,414,798,309,195.16,1261.67,40.19,159.42,233.51,208.31,48.6,50.38
Plate 1,Experiment,Group,13.fcs,13,Experiment,None,,s+p+,BL1-H,YL1-H,5049,1,5049,8.637,23.057,2665,2089,2210,600,2086,245,1616.01,7798.35,60.63,373.38,1074.88,431.44,48.64,71.91
Plate 1,Experiment,Group,13.fcs,13,Experiment,None,,s-p-,BL1-H,YL1-H,4135,1,4135,7.074,18.883,452,99,422,91,842,92,208.15,50.8,46.05,51.33,231.29,47.44,54.81,52.14
Plate 1,Experiment,Group,13.fcs,13,Experiment,None,,s+p-,BL1-H,YL1-H,11716,1,11716,20.042,53.503,2176,97,1812,91,1724,87,1318.76,48.98,60.6,50.48,802.83,47.44,44.32,52.14
Plate 1,Experiment,Group,13.fcs,13,Experiment,None,,Cells,BL1-H,YL1-H,21898,1,21898,37.461,37.461,1886,588,1594,117,1724,87,1485.01,3845.67,78.72,653.77,1095.64,85.99,68.74,73.5
Plate 1,Experiment,Group,14.fcs,14,Experiment,None,N/A,All Events,N/A,N/A,107355,2,53677.5,100,100,N/A,N/A,N/A,N/A,N/A,N/A,N/A,N/A,N/A,N/A,N/A,N/A,N/A,N/A
Plate 1,Experiment,Group,14.fcs,14,Experiment,None,,syto-pe-,BL1-H,YL1-H,19623,2,9811.5,18.279,47.102,647,113,623,92,1088,87,325.8,76.94,50.35,68.28,392.89,53.37,63.06,58.01
Plate 1,Experiment,Group,14.fcs,14,Experiment,None,,syto-pe+,BL1-H,YL1-H,5143,2,2571.5,4.791,12.345,775,1212,753,627,1118,531,413.15,1793.09,53.29,147.99,514.46,382.51,68.32,61.01
Plate 1,Experiment,Group,14.fcs,14,Experiment,None,,syto+pe+,BL1-H,YL1-H,2000,2,1000,1.863,4.801,2978,2410,2353,1329,1659,679,4344.38,3336.74,145.9,138.46,773.92,902.9,32.9,67.94
Plate 1,Experiment,Group,14.fcs,14,Experiment,None,,syto+pe-,BL1-H,YL1-H,12557,2,6278.5,11.697,30.141,2564,128,1960,95,1656,93,4432.13,107.99,172.89,84.05,722.03,63.75,36.84,67.11
Plate 1,Experiment,Group,14.fcs,14,Experiment,None,,Cells,BL1-H,YL1-H,41661,2,20830.5,38.807,38.807,1386,365,1019,109,1246,0,2797.58,1130.93,201.84,309.79,809.5,85.99,79.44,78.89
Plate 1,Experiment,Group,14.fcs,14,Experiment,None,,Cells,FSC-H,SSC-H,41661,2,20830.5,38.807,38.807,67399,352060,45810,316733,35291,398457,61031.51,185384.92,90.55,52.66,19988.41,201979.04,43.63,63.77
Plate 1,Experiment,Group,14.fcs,14,Experiment,None,,s-p+,BL1-H,YL1-H,3335,2,1667.5,3.107,8.005,507,881,510,448,744,266,206.72,1416.27,40.81,160.75,259.45,249.08,50.87,55.6
Plate 1,Experiment,Group,14.fcs,14,Experiment,None,,s+p+,BL1-H,YL1-H,7574,2,3787,7.055,18.18,2159,1247,1636,552,1369,246,3415.71,2223.76,158.18,178.4,788,382.51,48.18,69.3
Plate 1,Experiment,Group,14.fcs,14,Experiment,None,,s-p-,BL1-H,YL1-H,13884,2,6942,12.933,33.326,458,87,441,80,830,0,213.22,50.9,46.55,58.24,252.04,47.44,57.15,59.3
Plate 1,Experiment,Group,14.fcs,14,Experiment,None,,s+p-,BL1-H,YL1-H,16868,2,8434,15.712,40.489,1976,96,1490,89,1246,93,3545.07,51.94,179.36,54.2,643.45,48.93,43.18,54.97
Plate 1,Experiment,Group,14.fcs,14,Experiment,None,,Cells,BL1-H,YL1-H,41661,2,20830.5,38.807,38.807,1386,365,1019,109,1246,0,2797.58,1130.93,201.84,309.79,809.5,85.99,79.44,78.89
Plate 1,Experiment,Group,15.fcs,15,Experiment,None,N/A,All Events,N/A,N/A,158350,2,79175,100,100,N/A,N/A,N/A,N/A,N/A,N/A,N/A,N/A,N/A,N/A,N/A,N/A,N/A,N/A
Plate 1,Experiment,Group,15.fcs,15,Experiment,None,,syto-pe-,BL1-H,YL1-H,35164,2,17582,22.207,54.566,618,120,578,98,889,92,323.82,79.77,52.43,66.49,381.03,62.27,65.92,63.54
Plate 1,Experiment,Group,15.fcs,15,Experiment,None,,syto-pe+,BL1-H,YL1-H,15156,2,7578,9.571,23.518,695,1406,629,629,1134,470,406.7,2193.28,58.51,156.04,474.43,435.88,75.43,69.3
Plate 1,Experiment,Group,15.fcs,15,Experiment,None,,syto+pe+,BL1-H,YL1-H,2000,2,1000,1.263,3.104,2179,3789,1930,2430,1657,634,1309,4799.43,60.08,126.68,364.72,2441.84,18.9,100.49
Plate 1,Experiment,Group,15.fcs,15,Experiment,None,,syto+pe-,BL1-H,YL1-H,9076,2,4538,5.732,14.084,1861,122,1655,88,1447,96,956.43,109.61,51.39,89.67,418.09,69.68,25.26,79.18
Plate 1,Experiment,Group,15.fcs,15,Experiment,None,,Cells,BL1-H,YL1-H,64443,2,32221.5,40.697,40.697,880,538,740,132,889,0,729.04,1576.1,82.88,293.04,561.91,123.06,75.93,93.22
Plate 1,Experiment,Group,15.fcs,15,Experiment,None,,Cells,FSC-H,SSC-H,64443,2,32221.5,40.697,40.697,57096,345177,44291,310675,42101,352375,44862.16,177565.73,78.57,51.44,17512.47,184035.13,39.54,59.24
Plate 1,Experiment,Group,15.fcs,15,Experiment,None,,s-p+,BL1-H,YL1-H,10623,2,5311.5,6.709,16.484,477,891,463,458,809,245,205.69,1424,43.14,159.78,247.59,257.97,53.48,56.33
Plate 1,Experiment,Group,15.fcs,15,Experiment,None,,s+p+,BL1-H,YL1-H,11311,2,5655.5,7.143,17.552,1482,1866,1305,669,1118,255,822.91,3101.95,55.51,166.21,421.06,557.46,32.27,83.33
Plate 1,Experiment,Group,15.fcs,15,Experiment,None,,s-p-,BL1-H,YL1-H,25970,2,12985,16.4,40.299,441,95,418,86,797,0,211.96,55.52,48.11,58.36,245.37,53.37,58.77,62.06
Plate 1,Experiment,Group,15.fcs,15,Experiment,None,,s+p-,BL1-H,YL1-H,16539,2,8269.5,10.445,25.665,1416,97,1231,89,888,0,753.25,55.19,53.21,56.62,376.58,53.37,30.59,59.97
Plate 1,Experiment,Group,15.fcs,15,Experiment,None,,Cells,BL1-H,YL1-H,64443,2,32221.5,40.697,40.697,880,538,740,132,889,0,729.04,1576.1,82.88,293.04,561.91,123.06,75.93,93.22
Plate 1,Experiment,Group,1 iso.fcs,1 iso,Experiment,None,N/A,All Events,N/A,N/A,1397066,20,69853.3,100,100,N/A,N/A,N/A,N/A,N/A,N/A,N/A,N/A,N/A,N/A,N/A,N/A,N/A,N/A
Plate 1,Experiment,Group,1 iso.fcs,1 iso,Experiment,None,,syto-pe-,BL1-H,YL1-H,236119,20,11805.95,16.901,62.342,428,82,361,80,373,86,261.56,35.86,61.09,43.63,194.22,35.58,53.8,44.48
Plate 1,Experiment,Group,1 iso.fcs,1 iso,Experiment,None,,syto-pe+,BL1-H,YL1-H,768,20,38.4,0.055,0.203,74,145,56,139,28,132,59.5,36.75,80.15,25.26,37.06,35.58,66.19,25.6
Plate 1,Experiment,Group,1 iso.fcs,1 iso,Experiment,None,,syto+pe+,BL1-H,YL1-H,0,20,0,0,0,N/A,N/A,N/A,N/A,N/A,N/A,N/A,N/A,N/A,N/A,N/A,N/A,N/A,N/A
Plate 1,Experiment,Group,1 iso.fcs,1 iso,Experiment,None,,syto+pe-,BL1-H,YL1-H,129678,20,6483.9,9.282,34.239,2514,83,2232,81,1871,86,1898.56,35.97,75.5,43.29,871.77,35.58,39.06,43.93
Plate 1,Experiment,Group,1 iso.fcs,1 iso,Experiment,None,,Cells,BL1-H,YL1-H,378745,20,18937.25,27.11,27.11,1156,82,563,80,373,86,1507.56,36.38,130.46,44.28,560.42,35.58,99.54,44.48
Plate 1,Experiment,Group,1 iso.fcs,1 iso,Experiment,None,,Cells,FSC-H,SSC-H,378745,20,18937.25,27.11,27.11,64844,392855,49197,367848,40424,773137,45571.11,202941.55,70.28,51.66,25358.39,250476.37,51.54,68.09
Plate 1,Experiment,Group,1 iso.fcs,1 iso,Experiment,None,,s-p+,BL1-H,YL1-H,45,20,2.25,0.003,0.012,432,249,404,244,418,236,166.72,14.59,38.58,5.87,146.78,10.38,36.33,4.25
Plate 1,Experiment,Group,1 iso.fcs,1 iso,Experiment,None,,s+p+,BL1-H,YL1-H,47,20,2.35,0.003,0.012,3175,258,2476,244,2064,239,2793.47,44.35,87.98,17.18,1642.72,10.38,66.35,4.25
Plate 1,Experiment,Group,1 iso.fcs,1 iso,Experiment,None,,s-p-,BL1-H,YL1-H,217881,20,10894.05,15.596,57.527,355,80,335,78,373,87,178.92,36.59,50.36,45.52,167.53,37.06,50.01,47.52
Plate 1,Experiment,Group,1 iso.fcs,1 iso,Experiment,None,,s+p-,BL1-H,YL1-H,160772,20,8038.6,11.508,42.449,2240,85,1973,83,1871,86,1806.5,35.73,80.65,42.29,966.66,35.58,48.99,42.87
Plate 1,Experiment,Group,1 iso.fcs,1 iso,Experiment,None,,Cells,BL1-H,YL1-H,378745,20,18937.25,27.11,27.11,1156,82,563,80,373,86,1507.56,36.38,130.46,44.28,560.42,35.58,99.54,44.48
Plate 1,Experiment,Group,2 iso.fcs,2 iso,Experiment,None,N/A,All Events,N/A,N/A,1269844,20,63492.2,100,100,N/A,N/A,N/A,N/A,N/A,N/A,N/A,N/A,N/A,N/A,N/A,N/A,N/A,N/A
Plate 1,Experiment,Group,2 iso.fcs,2 iso,Experiment,None,,syto-pe-,BL1-H,YL1-H,452170,20,22608.5,35.608,68.964,635,81,626,78,963,86,300.54,37.04,47.36,45.72,360.27,35.58,57.55,45.62
Plate 1,Experiment,Group,2 iso.fcs,2 iso,Experiment,None,,syto-pe+,BL1-H,YL1-H,3250,20,162.5,0.256,0.496,653,644,636,484,1059,483,486.3,639.35,74.42,99.24,673.84,408.46,105.95,84.39
Plate 1,Experiment,Group,2 iso.fcs,2 iso,Experiment,None,,syto+pe+,BL1-H,YL1-H,1183,20,59.15,0.093,0.18,2431,1449,2232,1047,1723,775,723.12,1138.76,29.75,78.61,593.04,548.56,26.57,52.39
Plate 1,Experiment,Group,2 iso.fcs,2 iso,Experiment,None,,syto+pe-,BL1-H,YL1-H,162663,20,8133.15,12.81,24.809,1822,87,1653,84,1446,86,679.61,46.67,37.3,53.74,397.34,40.03,24.04,47.65
Plate 1,Experiment,Group,2 iso.fcs,2 iso,Experiment,None,,Cells,BL1-H,YL1-H,655662,20,32783.1,51.633,51.633,956,88,825,79,964,86,672.05,104.68,70.3,119.55,564.87,37.06,68.47,46.92
Plate 1,Experiment,Group,2 iso.fcs,2 iso,Experiment,None,,Cells,FSC-H,SSC-H,655662,20,32783.1,51.633,51.633,75407,395466,54646,374203,39339,515147,61882.25,187233.48,82.06,47.34,31820.3,216599.7,58.23,57.88
Plate 1,Experiment,Group,2 iso.fcs,2 iso,Experiment,None,,s-p+,BL1-H,YL1-H,1564,20,78.2,0.123,0.239,541,586,567,412,809,255,206.42,506.92,38.17,86.49,243.89,205.34,43.01,49.9
Plate 1,Experiment,Group,2 iso.fcs,2 iso,Experiment,None,,s+p+,BL1-H,YL1-H,5039,20,251.95,0.397,0.769,1862,751,1669,478,1750,256,886.46,805.43,47.61,107.23,733.89,293.55,43.97,61.41
Plate 1,Experiment,Group,2 iso.fcs,2 iso,Experiment,None,,s-p-,BL1-H,YL1-H,336384,20,16819.2,26.49,51.304,484,75,491,72,842,86,215.22,35.27,44.46,47.13,259.45,34.1,52.84,47.36
Plate 1,Experiment,Group,2 iso.fcs,2 iso,Experiment,None,,s+p-,BL1-H,YL1-H,312675,20,15633.75,24.623,47.688,1451,88,1282,86,964,86,620.97,37.3,42.79,42.35,422.54,37.06,32.96,43.1
Plate 1,Experiment,Group,2 iso.fcs,2 iso,Experiment,None,,Cells,BL1-H,YL1-H,655662,20,32783.1,51.633,51.633,956,88,825,79,964,86,672.05,104.68,70.3,119.55,564.87,37.06,68.47,46.92
Plate 1,Experiment,Group,3 iso.fcs,3 iso,Experiment,None,N/A,All Events,N/A,N/A,1205283,20,60264.15,100,100,N/A,N/A,N/A,N/A,N/A,N/A,N/A,N/A,N/A,N/A,N/A,N/A,N/A,N/A
Plate 1,Experiment,Group,3 iso.fcs,3 iso,Experiment,None,,syto-pe-,BL1-H,YL1-H,360304,20,18015.2,29.894,76.041,608,80,589,77,745,86,292.51,35.58,48.15,44.71,341,35.58,57.89,46.21
Plate 1,Experiment,Group,3 iso.fcs,3 iso,Experiment,None,,syto-pe+,BL1-H,YL1-H,904,20,45.2,0.075,0.191,172,203,62,146,35,133,271.28,200.82,157.46,98.88,45.96,47.44,74.13,32.5
Plate 1,Experiment,Group,3 iso.fcs,3 iso,Experiment,None,,syto+pe+,BL1-H,YL1-H,7,20,0.35,0.001,0.001,8014,774,2339,712,1838,600,11126.06,210.44,138.83,27.19,520.39,166.05,22.25,23.32
Plate 1,Experiment,Group,3 iso.fcs,3 iso,Experiment,None,,syto+pe-,BL1-H,YL1-H,87022,20,4351.1,7.22,18.366,1738,81,1590,79,1408,87,772.03,41.07,44.41,50.96,346.93,40.03,21.82,50.67
Plate 1,Experiment,Group,3 iso.fcs,3 iso,Experiment,None,,Cells,BL1-H,YL1-H,473827,20,23691.35,39.313,39.313,834,80,716,77,745,86,617.12,38.64,74,48.57,483.33,35.58,67.5,46.21
Plate 1,Experiment,Group,3 iso.fcs,3 iso,Experiment,None,,Cells,FSC-H,SSC-H,473827,20,23691.35,39.313,39.313,62089,389193,48212,364456,38802,522174,46755.18,189976.89,75.3,48.81,23226.41,220788.79,48.18,60.58
Plate 1,Experiment,Group,3 iso.fcs,3 iso,Experiment,None,,s-p+,BL1-H,YL1-H,305,20,15.25,0.025,0.064,546,322,569,283,745,239,182.26,162.3,33.35,50.42,197.19,54.86,34.65,19.38
Plate 1,Experiment,Group,3 iso.fcs,3 iso,Experiment,None,,s+p+,BL1-H,YL1-H,530,20,26.5,0.044,0.112,2210,337,1388,283,1090,245,2920.03,201.7,132.15,59.76,558.94,57.82,40.27,20.43
Plate 1,Experiment,Group,3 iso.fcs,3 iso,Experiment,None,,s-p-,BL1-H,YL1-H,282966,20,14148.3,23.477,59.719,475,74,480,72,745,86,213.61,35.25,44.95,47.33,252.04,34.1,52.51,47.36
Plate 1,Experiment,Group,3 iso.fcs,3 iso,Experiment,None,,s+p-,BL1-H,YL1-H,190026,20,9501.3,15.766,40.105,1365,86,1213,84,963,87,615.58,36.85,45.1,42.84,361.75,37.06,29.82,44.12
Plate 1,Experiment,Group,3 iso.fcs,3 iso,Experiment,None,,Cells,BL1-H,YL1-H,473827,20,23691.35,39.313,39.313,834,80,716,77,745,86,617.12,38.64,74,48.57,483.33,35.58,67.5,46.21
Plate 1,Experiment,Group,4 iso.fcs,4 iso,Experiment,None,N/A,All Events,N/A,N/A,1304504,20,65225.2,100,100,N/A,N/A,N/A,N/A,N/A,N/A,N/A,N/A,N/A,N/A,N/A,N/A,N/A,N/A
Plate 1,Experiment,Group,4 iso.fcs,4 iso,Experiment,None,,syto-pe-,BL1-H,YL1-H,340560,20,17028,26.106,55.456,620,80,603,76,963,86,308.67,35.63,49.75,44.81,376.58,34.1,62.45,44.87
Plate 1,Experiment,Group,4 iso.fcs,4 iso,Experiment,None,,syto-pe+,BL1-H,YL1-H,2077,20,103.85,0.159,0.338,530,875,367,448,1298,113,496.11,1353.41,93.62,154.74,477.4,458.12,130.08,102.26
Plate 1,Experiment,Group,4 iso.fcs,4 iso,Experiment,None,,syto+pe+,BL1-H,YL1-H,1296,20,64.8,0.099,0.211,2979,2197,2671,1466,2766,2360,1648.68,2023.26,55.35,92.09,943.67,1007.43,35.34,68.72
Plate 1,Experiment,Group,4 iso.fcs,4 iso,Experiment,None,,syto+pe-,BL1-H,YL1-H,237983,20,11899.15,18.243,38.752,2230,86,1896,84,1506,86,1517.99,41.96,68.08,48.51,644.93,38.55,34.02,45.89
Plate 1,Experiment,Group,4 iso.fcs,4 iso,Experiment,None,,Cells,BL1-H,YL1-H,614112,20,30705.6,47.076,47.076,1271,89,1014,79,1297,86,1251.17,167.01,98.4,187.32,803.57,37.06,79.25,46.92
Plate 1,Experiment,Group,4 iso.fcs,4 iso,Experiment,None,,Cells,FSC-H,SSC-H,614112,20,30705.6,47.076,47.076,74872,360298,54306,326309,40421,367227,59009.99,183521.87,78.81,50.94,31228.74,197207.29,57.51,60.44
Plate 1,Experiment,Group,4 iso.fcs,4 iso,Experiment,None,,s-p+,BL1-H,YL1-H,877,20,43.85,0.067,0.143,488,1005,494,495,599,236,211.5,1367.25,43.3,136.03,244.63,339.52,49.52,68.59
Plate 1,Experiment,Group,4 iso.fcs,4 iso,Experiment,None,,s+p+,BL1-H,YL1-H,3507,20,175.35,0.269,0.571,2554,1219,2132,581,2845,236,2058.54,1639.73,80.59,134.57,1083.78,465.54,50.83,80.13
Plate 1,Experiment,Group,4 iso.fcs,4 iso,Experiment,None,,s-p-,BL1-H,YL1-H,255730,20,12786.5,19.604,41.642,465,74,462,72,842,86,218.58,35.02,47.06,47.27,263.9,34.1,57.12,47.36
Plate 1,Experiment,Group,4 iso.fcs,4 iso,Experiment,None,,s+p-,BL1-H,YL1-H,353998,20,17699.9,27.137,57.644,1844,87,1531,85,1297,86,1350.36,36.87,73.24,42.58,667.17,37.06,43.58,43.61
Plate 1,Experiment,Group,4 iso.fcs,4 iso,Experiment,None,,Cells,BL1-H,YL1-H,614112,20,30705.6,47.076,47.076,1271,89,1014,79,1297,86,1251.17,167.01,98.4,187.32,803.57,37.06,79.25,46.92
Plate 1,Experiment,Group,5 iso.fcs,5 iso,Experiment,None,N/A,All Events,N/A,N/A,1329684,20,66484.2,100,100,N/A,N/A,N/A,N/A,N/A,N/A,N/A,N/A,N/A,N/A,N/A,N/A,N/A,N/A
Plate 1,Experiment,Group,5 iso.fcs,5 iso,Experiment,None,,syto-pe-,BL1-H,YL1-H,402313,20,20115.65,30.256,68.528,589,81,549,79,963,86,308.06,34.94,52.34,43.04,366.2,35.58,66.7,45.04
Plate 1,Experiment,Group,5 iso.fcs,5 iso,Experiment,None,,syto-pe+,BL1-H,YL1-H,971,20,48.55,0.073,0.165,191,221,63,146,28,157,330.66,278.59,172.99,126.33,48.93,44.48,77.66,30.46
Plate 1,Experiment,Group,5 iso.fcs,5 iso,Experiment,None,,syto+pe+,BL1-H,YL1-H,43,20,2.15,0.003,0.007,2501,1062,2161,856,1803,977,1526.8,609.06,61.04,57.36,523.36,257.97,24.22,30.14
Plate 1,Experiment,Group,5 iso.fcs,5 iso,Experiment,None,,syto+pe-,BL1-H,YL1-H,153415,20,7670.75,11.538,26.132,1976,83,1698,82,1447,87,1583.98,38.57,80.16,46.66,441.81,38.55,26.02,47.01
Plate 1,Experiment,Group,5 iso.fcs,5 iso,Experiment,None,,Cells,BL1-H,YL1-H,587075,20,29353.75,44.151,44.151,975,82,793,79,1045,86,1047.08,39.76,107.42,48.77,624.17,35.58,78.71,45.04
Plate 1,Experiment,Group,5 iso.fcs,5 iso,Experiment,None,,Cells,FSC-H,SSC-H,587075,20,29353.75,44.151,44.151,67576,344718,47368,309226,37268,387669,60695.47,181670.19,89.82,52.7,22768.29,193894.42,48.07,62.7
Plate 1,Experiment,Group,5 iso.fcs,5 iso,Experiment,None,,s-p+,BL1-H,YL1-H,166,20,8.3,0.012,0.028,523,370,520,282,788,236,217.89,248.45,41.7,67.21,290.59,60.05,55.88,21.29
Plate 1,Experiment,Group,5 iso.fcs,5 iso,Experiment,None,,s+p+,BL1-H,YL1-H,505,20,25.25,0.038,0.086,1888,439,1563,305,1897,237,1224.26,404.69,64.83,92.18,641.97,93.4,41.07,30.62
Plate 1,Experiment,Group,5 iso.fcs,5 iso,Experiment,None,,s-p-,BL1-H,YL1-H,311742,20,15587.1,23.445,53.101,447,77,429,75,841,86,213.75,35.03,47.86,45.7,250.56,35.58,58.41,47.44
Plate 1,Experiment,Group,5 iso.fcs,5 iso,Experiment,None,,s+p-,BL1-H,YL1-H,274662,20,13733.1,20.656,46.785,1573,86,1335,85,1045,87,1269.98,36.26,80.74,42.06,469.98,37.06,35.2,43.61
Plate 1,Experiment,Group,5 iso.fcs,5 iso,Experiment,None,,Cells,BL1-H,YL1-H,587075,20,29353.75,44.151,44.151,975,82,793,79,1045,86,1047.08,39.76,107.42,48.77,624.17,35.58,78.71,45.04
Plate 1,Experiment,Group,6 iso.fcs,6 iso,Experiment,None,N/A,All Events,N/A,N/A,1280516,20,64025.8,100,100,N/A,N/A,N/A,N/A,N/A,N/A,N/A,N/A,N/A,N/A,N/A,N/A,N/A,N/A
Plate 1,Experiment,Group,6 iso.fcs,6 iso,Experiment,None,,syto-pe-,BL1-H,YL1-H,346758,20,17337.9,27.08,91.036,499,86,446,83,374,86,261.58,39.33,52.45,45.73,249.08,37.06,55.85,44.66
Plate 1,Experiment,Group,6 iso.fcs,6 iso,Experiment,None,,syto-pe+,BL1-H,YL1-H,1371,20,68.55,0.107,0.36,296,292,156,218,33,110,328.62,283.16,110.87,96.95,173.46,136.4,111.19,62.57
Plate 1,Experiment,Group,6 iso.fcs,6 iso,Experiment,None,,syto+pe+,BL1-H,YL1-H,33,20,1.65,0.003,0.009,2124,1308,1908,920,1892,619,593.12,977.07,27.92,74.69,265.39,349.89,13.91,38.03
Plate 1,Experiment,Group,6 iso.fcs,6 iso,Experiment,None,,syto+pe-,BL1-H,YL1-H,22226,20,1111.3,1.736,5.835,1616,85,1520,81,1390,93,589.6,53.45,36.48,62.56,289.11,43,19.02,53.08
Plate 1,Experiment,Group,6 iso.fcs,6 iso,Experiment,None,,Cells,BL1-H,YL1-H,380900,20,19045,29.746,29.746,573,86,469,82,374,86,402.58,48.15,70.24,55.73,284.66,38.55,60.69,47.01
Plate 1,Experiment,Group,6 iso.fcs,6 iso,Experiment,None,,Cells,FSC-H,SSC-H,380900,20,19045,29.746,29.746,68704,341277,46297,297776,37271,387628,61283.6,190137.4,89.2,55.71,21787.55,202090.24,47.06,67.87
Plate 1,Experiment,Group,6 iso.fcs,6 iso,Experiment,None,,s-p+,BL1-H,YL1-H,1161,20,58.05,0.091,0.305,527,323,535,275,796,236,197.76,193.43,37.51,59.89,231.29,47.44,43.23,17.25
Plate 1,Experiment,Group,6 iso.fcs,6 iso,Experiment,None,,s+p+,BL1-H,YL1-H,1370,20,68.5,0.107,0.36,1442,357,1293,286,964,236,626.87,288.36,43.47,80.79,415.87,56.34,32.16,19.7
Plate 1,Experiment,Group,6 iso.fcs,6 iso,Experiment,None,,s-p-,BL1-H,YL1-H,309202,20,15460.1,24.147,81.177,425,83,406,80,374,87,192.69,37.69,45.33,45.58,204.6,37.06,50.39,46.33
Plate 1,Experiment,Group,6 iso.fcs,6 iso,Experiment,None,,s+p-,BL1-H,YL1-H,69167,20,3458.35,5.401,18.159,1219,94,1098,90,864,86,433.72,40.49,35.58,43.27,256.49,38.55,23.36,42.83
Plate 1,Experiment,Group,6 iso.fcs,6 iso,Experiment,None,,Cells,BL1-H,YL1-H,380900,20,19045,29.746,29.746,573,86,469,82,374,86,402.58,48.15,70.24,55.73,284.66,38.55,60.69,47.01
Plate 1,Experiment,Group,7 iso.fcs,7 iso,Experiment,None,N/A,All Events,N/A,N/A,1159860,20,57993,100,100,N/A,N/A,N/A,N/A,N/A,N/A,N/A,N/A,N/A,N/A,N/A,N/A,N/A,N/A
Plate 1,Experiment,Group,7 iso.fcs,7 iso,Experiment,None,,syto-pe-,BL1-H,YL1-H,406740,20,20337,35.068,86.289,532,79,496,75,608,86,273.22,36.27,51.39,46.16,290.59,35.58,58.59,47.44
Plate 1,Experiment,Group,7 iso.fcs,7 iso,Experiment,None,,syto-pe+,BL1-H,YL1-H,4816,20,240.8,0.415,1.022,541,1200,504,1051,697,1572,392.38,965.93,72.57,80.47,455.16,1054.87,90.31,100.37
Plate 1,Experiment,Group,7 iso.fcs,7 iso,Experiment,None,,syto+pe+,BL1-H,YL1-H,200,20,10,0.017,0.042,2601,1738,1910,1497,1610,1654,2170.34,983.2,83.45,56.57,369.17,677.55,19.33,45.26
Plate 1,Experiment,Group,7 iso.fcs,7 iso,Experiment,None,,syto+pe-,BL1-H,YL1-H,40737,20,2036.85,3.512,8.642,1847,79,1542,78,1389,86,1653.63,44.24,89.54,55.8,338.03,43,21.92,55.12
Plate 1,Experiment,Group,7 iso.fcs,7 iso,Experiment,None,,Cells,BL1-H,YL1-H,471371,20,23568.55,40.64,40.64,656,90,538,76,608,86,675.4,159.21,103.01,176.48,348.41,37.06,64.76,48.77
Plate 1,Experiment,Group,7 iso.fcs,7 iso,Experiment,None,,Cells,FSC-H,SSC-H,471371,20,23568.55,40.64,40.64,72024,389194,51947,363537,39334,494590,61495.4,190765.34,85.38,49.02,28255.39,221451.51,54.39,60.92
Plate 1,Experiment,Group,7 iso.fcs,7 iso,Experiment,None,,s-p+,BL1-H,YL1-H,3034,20,151.7,0.262,0.644,506,1336,513,1203,696,1570,203.39,915.37,40.18,68.49,239.44,954.05,46.67,79.31
Plate 1,Experiment,Group,7 iso.fcs,7 iso,Experiment,None,,s+p+,BL1-H,YL1-H,1762,20,88.1,0.152,0.374,1487,1237,1168,1049,962,246,1639.75,974.6,110.25,78.77,315.05,1025.22,26.99,97.78
Plate 1,Experiment,Group,7 iso.fcs,7 iso,Experiment,None,,s-p-,BL1-H,YL1-H,356775,20,17838.75,30.76,75.689,443,75,436,72,608,86,207.92,35.86,46.93,47.99,237.22,35.58,54.41,49.42
Plate 1,Experiment,Group,7 iso.fcs,7 iso,Experiment,None,,s+p-,BL1-H,YL1-H,109800,20,5490,9.467,23.294,1337,88,1124,85,864,86,1072.51,38.08,80.2,43.41,286.14,37.06,25.46,43.61
Plate 1,Experiment,Group,7 iso.fcs,7 iso,Experiment,None,,Cells,BL1-H,YL1-H,471371,20,23568.55,40.64,40.64,656,90,538,76,608,86,675.4,159.21,103.01,176.48,348.41,37.06,64.76,48.77
Plate 1,Experiment,Group,8 iso.fcs,8 iso,Experiment,None,N/A,All Events,N/A,N/A,1506643,20,75332.15,100,100,N/A,N/A,N/A,N/A,N/A,N/A,N/A,N/A,N/A,N/A,N/A,N/A,N/A,N/A
Plate 1,Experiment,Group,8 iso.fcs,8 iso,Experiment,None,,syto-pe-,BL1-H,YL1-H,322299,20,16114.95,21.392,41.542,647,81,630,78,1045,87,310.51,34.06,48.03,42.23,389.92,34.1,61.89,43.72
Plate 1,Experiment,Group,8 iso.fcs,8 iso,Experiment,None,,syto-pe+,BL1-H,YL1-H,447,20,22.35,0.03,0.058,103,188,56,141,28,134,191.5,259.3,185.57,138.24,38.55,37.06,68.83,26.29
Plate 1,Experiment,Group,8 iso.fcs,8 iso,Experiment,None,,syto+pe+,BL1-H,YL1-H,9,20,0.45,0.001,0.001,2918,1216,2292,1132,1701,662,1331.37,556.25,45.62,45.73,615.28,696.82,26.84,61.56
Plate 1,Experiment,Group,8 iso.fcs,8 iso,Experiment,None,,syto+pe-,BL1-H,YL1-H,415950,20,20797.5,27.608,53.613,2302,86,1974,85,1724,86,1119.86,36.82,48.65,42.76,677.55,37.06,34.32,43.61
Plate 1,Experiment,Group,8 iso.fcs,8 iso,Experiment,None,,Cells,BL1-H,YL1-H,775844,20,38792.2,51.495,51.495,1558,83,1352,82,1724,87,1170.57,36.87,75.12,44.2,963.69,35.58,71.28,43.39
Plate 1,Experiment,Group,8 iso.fcs,8 iso,Experiment,None,,Cells,FSC-H,SSC-H,775844,20,38792.2,51.495,51.495,73878,375700,51871,354389,43836,398315,67143.18,178196.76,90.88,47.43,25715.7,195679.47,49.58,55.22
Plate 1,Experiment,Group,8 iso.fcs,8 iso,Experiment,None,,s-p+,BL1-H,YL1-H,48,20,2.4,0.003,0.006,421,398,404,252,364,236,195.7,473.27,46.48,118.84,154.93,22.98,38.4,9.14
Plate 1,Experiment,Group,8 iso.fcs,8 iso,Experiment,None,,s+p+,BL1-H,YL1-H,249,20,12.45,0.017,0.032,2892,329,2325,246,1505,236,2407.02,314.51,83.23,95.49,1236.49,11.86,53.18,4.82
Plate 1,Experiment,Group,8 iso.fcs,8 iso,Experiment,None,,s-p-,BL1-H,YL1-H,228526,20,11426.3,15.168,29.455,476,76,469,74,841,87,210.48,34.54,44.26,45.73,250.56,34.1,53.42,46.08
Plate 1,Experiment,Group,8 iso.fcs,8 iso,Experiment,None,,s+p-,BL1-H,YL1-H,547021,20,27351.05,36.307,70.507,2010,87,1720,85,1724,86,1107.96,35.96,55.12,41.54,745.75,35.58,43.36,41.86
Plate 1,Experiment,Group,8 iso.fcs,8 iso,Experiment,None,,Cells,BL1-H,YL1-H,775844,20,38792.2,51.495,51.495,1558,83,1352,82,1724,87,1170.57,36.87,75.12,44.2,963.69,35.58,71.28,43.39
Plate 1,Experiment,Group,9 iso.fcs,9 iso,Experiment,None,N/A,All Events,N/A,N/A,1275990,20,63799.5,100,100,N/A,N/A,N/A,N/A,N/A,N/A,N/A,N/A,N/A,N/A,N/A,N/A,N/A,N/A
Plate 1,Experiment,Group,9 iso.fcs,9 iso,Experiment,None,,syto-pe-,BL1-H,YL1-H,337434,20,16871.7,26.445,63.266,597,83,562,78,964,86,300.99,40.77,50.42,49.3,349.89,37.06,62.26,47.52
Plate 1,Experiment,Group,9 iso.fcs,9 iso,Experiment,None,,syto-pe+,BL1-H,YL1-H,8368,20,418.4,0.656,1.569,784,1950,807,914,1298,503,456.58,2626.6,58.21,134.73,593.04,889.56,73.49,97.33
Plate 1,Experiment,Group,9 iso.fcs,9 iso,Experiment,None,,syto+pe+,BL1-H,YL1-H,6814,20,340.7,0.534,1.278,2646,6000,2450,6039,2291,8070,863.1,3816.33,32.62,63.6,781.33,4690.95,31.89,77.68
Plate 1,Experiment,Group,9 iso.fcs,9 iso,Experiment,None,,syto+pe-,BL1-H,YL1-H,151293,20,7564.65,11.857,28.366,1991,86,1774,82,1446,87,817.85,49.68,41.07,57.65,530.77,41.51,29.92,50.63
Plate 1,Experiment,Group,9 iso.fcs,9 iso,Experiment,None,,Cells,BL1-H,YL1-H,533359,20,26667.95,41.8,41.8,1045,188,835,80,1045,86,830.48,887.83,79.44,472.26,655.31,40.03,78.48,50.04
Plate 1,Experiment,Group,9 iso.fcs,9 iso,Experiment,None,,Cells,FSC-H,SSC-H,533359,20,26667.95,41.8,41.8,79181,367572,53872,337183,42667,426204,73456.65,185447.19,92.77,50.45,29523.01,205343.06,54.8,60.9
Plate 1,Experiment,Group,9 iso.fcs,9 iso,Experiment,None,,s-p+,BL1-H,YL1-H,4363,20,218.15,0.342,0.818,510,1131,516,454,843,236,211.64,1805.96,41.51,159.74,260.94,284.66,50.57,62.7
Plate 1,Experiment,Group,9 iso.fcs,9 iso,Experiment,None,,s+p+,BL1-H,YL1-H,14414,20,720.7,1.13,2.702,2052,3722,1839,1803,2292,246,971.19,3867.45,47.33,103.9,891.04,2249.85,48.45,124.78
Plate 1,Experiment,Group,9 iso.fcs,9 iso,Experiment,None,,s-p-,BL1-H,YL1-H,265847,20,13292.35,20.835,49.844,460,76,451,73,842,86,210.72,38.25,45.86,50.26,247.59,37.06,54.9,50.77
Plate 1,Experiment,Group,9 iso.fcs,9 iso,Experiment,None,,s+p-,BL1-H,YL1-H,248735,20,12436.75,19.493,46.636,1623,86,1398,84,963,87,782.47,39.66,48.22,45.99,544.11,38.55,38.92,45.89
Plate 1,Experiment,Group,9 iso.fcs,9 iso,Experiment,None,,Cells,BL1-H,YL1-H,533359,20,26667.95,41.8,41.8,1045,188,835,80,1045,86,830.48,887.83,79.44,472.26,655.31,40.03,78.48,50.04
Plate 1,Experiment,Group,10 iso.fcs,10 iso,Experiment,None,N/A,All Events,N/A,N/A,1365573,20,68278.65,100,100,N/A,N/A,N/A,N/A,N/A,N/A,N/A,N/A,N/A,N/A,N/A,N/A,N/A,N/A
Plate 1,Experiment,Group,10 iso.fcs,10 iso,Experiment,None,,syto-pe-,BL1-H,YL1-H,409370,20,20468.5,29.978,58.822,633,79,630,76,963,86,315.51,35.26,49.87,44.8,397.34,34.1,63.07,44.87
Plate 1,Experiment,Group,10 iso.fcs,10 iso,Experiment,None,,syto-pe+,BL1-H,YL1-H,2319,20,115.95,0.17,0.333,675,548,706,465,1508,117,569.87,593.42,84.38,108.36,911.8,453.68,129.15,97.56
Plate 1,Experiment,Group,10 iso.fcs,10 iso,Experiment,None,,syto+pe+,BL1-H,YL1-H,953,20,47.65,0.07,0.137,2350,1146,2151,869,1870,667,745.44,939.85,31.72,81.99,529.29,317.28,24.61,36.51
Plate 1,Experiment,Group,10 iso.fcs,10 iso,Experiment,None,,syto+pe-,BL1-H,YL1-H,243201,20,12160.05,17.809,34.945,2009,87,1796,85,1408,92,800.1,41.87,39.82,48.29,550.04,37.06,30.63,43.61
Plate 1,Experiment,Group,10 iso.fcs,10 iso,Experiment,None,,Cells,BL1-H,YL1-H,695950,20,34797.5,50.964,50.964,1140,84,972,79,1134,86,845.07,78.72,74.1,93.23,722.03,35.58,74.28,45.04
Plate 1,Experiment,Group,10 iso.fcs,10 iso,Experiment,None,,Cells,FSC-H,SSC-H,695950,20,34797.5,50.964,50.964,72223,373568,55148,343838,42092,426164,53825.76,187571.33,74.53,50.21,31348.09,211152.63,56.84,61.41
Plate 1,Experiment,Group,10 iso.fcs,10 iso,Experiment,None,,s-p+,BL1-H,YL1-H,497,20,24.85,0.036,0.071,570,552,625,431,734,236,214.7,389.96,37.69,70.61,228.32,237.22,36.53,55.04
Plate 1,Experiment,Group,10 iso.fcs,10 iso,Experiment,None,,s+p+,BL1-H,YL1-H,3792,20,189.6,0.278,0.545,1918,702,1689,528,1546,416,1261.14,685.43,65.76,97.66,664.2,292.07,39.33,55.32
Plate 1,Experiment,Group,10 iso.fcs,10 iso,Experiment,None,,s-p-,BL1-H,YL1-H,297850,20,14892.5,21.811,42.798,464,73,462,70,842,86,225.19,34.12,48.57,47.03,278.73,34.1,60.33,48.71
Plate 1,Experiment,Group,10 iso.fcs,10 iso,Experiment,None,,s+p-,BL1-H,YL1-H,393811,20,19690.55,28.839,56.586,1646,87,1420,86,1134,86,774.86,35.99,47.09,41.43,560.42,35.58,39.47,41.37
Plate 1,Experiment,Group,10 iso.fcs,10 iso,Experiment,None,,Cells,BL1-H,YL1-H,695950,20,34797.5,50.964,50.964,1140,84,972,79,1134,86,845.07,78.72,74.1,93.23,722.03,35.58,74.28,45.04
Plate 1,Experiment,Group,11 iso.fcs,11 iso,Experiment,None,N/A,All Events,N/A,N/A,1356530,20,67826.5,100,100,N/A,N/A,N/A,N/A,N/A,N/A,N/A,N/A,N/A,N/A,N/A,N/A,N/A,N/A
Plate 1,Experiment,Group,11 iso.fcs,11 iso,Experiment,None,,syto-pe-,BL1-H,YL1-H,438127,20,21906.35,32.298,60.862,670,84,671,79,1045,86,299.78,41.76,44.74,49.8,360.27,37.06,53.69,46.92
Plate 1,Experiment,Group,11 iso.fcs,11 iso,Experiment,None,,syto-pe+,BL1-H,YL1-H,5397,20,269.85,0.398,0.75,658,774,592,474,1485,470,463.61,977.93,70.49,126.34,575.25,317.28,97.17,66.94
Plate 1,Experiment,Group,11 iso.fcs,11 iso,Experiment,None,,syto+pe+,BL1-H,YL1-H,4012,20,200.6,0.296,0.557,2884,3586,2701,3371,3005,4632,974.48,2256.23,33.79,62.92,919.21,2394.4,34.03,71.03
Plate 1,Experiment,Group,11 iso.fcs,11 iso,Experiment,None,,syto+pe-,BL1-H,YL1-H,230796,20,11539.8,17.014,32.061,1893,91,1719,87,1446,87,682.27,50.63,36.05,55.53,458.12,41.51,26.65,47.72
Plate 1,Experiment,Group,11 iso.fcs,11 iso,Experiment,None,,Cells,BL1-H,YL1-H,719868,20,35993.4,53.067,53.067,1100,111,954,82,1045,87,742.75,330.08,67.5,297.97,634.55,40.03,66.51,48.82
Plate 1,Experiment,Group,11 iso.fcs,11 iso,Experiment,None,,Cells,FSC-H,SSC-H,719868,20,35993.4,53.067,53.067,78118,377558,58673,350727,47551,409238,60517.35,185160.87,77.47,49.04,33864.81,207296.39,57.72,59.1
Plate 1,Experiment,Group,11 iso.fcs,11 iso,Experiment,None,,s-p+,BL1-H,YL1-H,3643,20,182.15,0.269,0.506,515,583,532,347,797,242,210.27,742.43,40.8,127.34,255.01,136.4,47.93,39.31
Plate 1,Experiment,Group,11 iso.fcs,11 iso,Experiment,None,,s+p+,BL1-H,YL1-H,12211,20,610.55,0.9,1.696,2073,1526,1825,462,1507,245,996.52,2014.37,48.07,132,894.01,309.86,48.99,67.07
Plate 1,Experiment,Group,11 iso.fcs,11 iso,Experiment,None,,s-p-,BL1-H,YL1-H,307300,20,15365,22.653,42.688,504,76,517,73,842,87,210.59,37.75,41.78,49.72,253.52,35.58,49.04,48.74
Plate 1,Experiment,Group,11 iso.fcs,11 iso,Experiment,None,,s+p-,BL1-H,YL1-H,396714,20,19835.7,29.245,55.109,1538,90,1358,87,1045,86,660.79,39.63,42.97,44.1,489.26,38.55,36.03,44.31
Plate 1,Experiment,Group,11 iso.fcs,11 iso,Experiment,None,,Cells,BL1-H,YL1-H,719868,20,35993.4,53.067,53.067,1100,111,954,82,1045,87,742.75,330.08,67.5,297.97,634.55,40.03,66.51,48.82
Plate 1,Experiment,Group,12 iso.fcs,12 iso,Experiment,None,N/A,All Events,N/A,N/A,1231750,20,61587.5,100,100,N/A,N/A,N/A,N/A,N/A,N/A,N/A,N/A,N/A,N/A,N/A,N/A,N/A,N/A
Plate 1,Experiment,Group,12 iso.fcs,12 iso,Experiment,None,,syto-pe-,BL1-H,YL1-H,246495,20,12324.75,20.012,42.373,690,78,707,73,1004,87,305.76,40.15,44.34,51.37,364.72,34.1,51.59,46.71
Plate 1,Experiment,Group,12 iso.fcs,12 iso,Experiment,None,,syto-pe+,BL1-H,YL1-H,2996,20,149.8,0.243,0.515,926,708,1052,531,1526,509,491.62,847.25,53.11,119.71,485.55,223.87,46.18,42.16
Plate 1,Experiment,Group,12 iso.fcs,12 iso,Experiment,None,,syto+pe+,BL1-H,YL1-H,3385,20,169.25,0.275,0.582,3130,2696,2629,1017,2734,609,2109.3,2775.52,67.39,102.96,1018.55,582.66,38.74,57.29
Plate 1,Experiment,Group,12 iso.fcs,12 iso,Experiment,None,,syto+pe-,BL1-H,YL1-H,293973,20,14698.65,23.866,50.535,2376,87,1953,81,1506,86,2059.95,52.99,86.7,60.78,702.75,38.55,35.98,47.59
Plate 1,Experiment,Group,12 iso.fcs,12 iso,Experiment,None,,Cells,BL1-H,YL1-H,581725,20,29086.25,47.228,47.228,1582,101,1284,78,1506,86,1710.07,304.15,108.07,300.35,871.77,37.06,67.89,47.52
Plate 1,Experiment,Group,12 iso.fcs,12 iso,Experiment,None,,Cells,FSC-H,SSC-H,581725,20,29086.25,47.228,47.228,83742,402461,59698,381682,43837,488016,72707.14,185835.42,86.82,46.17,35895.23,214275.73,60.13,56.14
Plate 1,Experiment,Group,12 iso.fcs,12 iso,Experiment,None,,s-p+,BL1-H,YL1-H,904,20,45.2,0.073,0.155,594,565,646,371,776,246,207.23,763.68,34.88,135.25,199.41,150.48,30.89,40.62
Plate 1,Experiment,Group,12 iso.fcs,12 iso,Experiment,None,,s+p+,BL1-H,YL1-H,12527,20,626.35,1.017,2.153,2530,1071,2033,472,1725,245,2470.51,1792.46,97.65,167.38,968.14,249.08,47.62,52.77
Plate 1,Experiment,Group,12 iso.fcs,12 iso,Experiment,None,,s-p-,BL1-H,YL1-H,167582,20,8379.1,13.605,28.808,500,70,524,67,842,87,224.97,34.85,45,50.04,266.87,34.1,50.93,50.9
Plate 1,Experiment,Group,12 iso.fcs,12 iso,Experiment,None,,s+p-,BL1-H,YL1-H,400712,20,20035.6,32.532,68.883,2008,83,1631,81,1506,86,1825.38,37.6,90.92,45.23,736.85,37.06,45.18,45.76
Plate 1,Experiment,Group,12 iso.fcs,12 iso,Experiment,None,,Cells,BL1-H,YL1-H,581725,20,29086.25,47.228,47.228,1582,101,1284,78,1506,86,1710.07,304.15,108.07,300.35,871.77,37.06,67.89,47.52
Plate 1,Experiment,Group,13 iso.fcs,13 iso,Experiment,None,N/A,All Events,N/A,N/A,1302564,20,65128.2,100,100,N/A,N/A,N/A,N/A,N/A,N/A,N/A,N/A,N/A,N/A,N/A,N/A,N/A,N/A
Plate 1,Experiment,Group,13 iso.fcs,13 iso,Experiment,None,,syto-pe-,BL1-H,YL1-H,153539,20,7676.95,11.787,24.484,627,82,583,79,1045,86,318.37,36.25,50.8,44.08,388.44,34.1,66.63,43.16
Plate 1,Experiment,Group,13 iso.fcs,13 iso,Experiment,None,,syto-pe+,BL1-H,YL1-H,1264,20,63.2,0.097,0.202,470,431,394,387,446,517,388.19,301.45,82.64,69.91,369.17,229.06,93.7,59.27
Plate 1,Experiment,Group,13 iso.fcs,13 iso,Experiment,None,,syto+pe+,BL1-H,YL1-H,360,20,18,0.028,0.057,4568,1122,3304,802,2078,706,4371.08,972.49,95.7,86.64,1822.12,216.46,55.15,27.01
Plate 1,Experiment,Group,13 iso.fcs,13 iso,Experiment,None,,syto+pe-,BL1-H,YL1-H,450772,20,22538.6,34.607,71.883,2995,88,2447,85,2261,92,2054.08,40.76,68.59,46.46,1068.95,38.55,43.68,45.35
Plate 1,Experiment,Group,13 iso.fcs,13 iso,Experiment,None,,Cells,BL1-H,YL1-H,627089,20,31354.45,48.143,48.143,2350,87,1969,83,2261,86,2040.53,56.76,86.82,65.06,1316.55,37.06,66.86,44.66
Plate 1,Experiment,Group,13 iso.fcs,13 iso,Experiment,None,,Cells,FSC-H,SSC-H,627089,20,31354.45,48.143,48.143,76500,360226,54556,328095,45659,325079,67860.77,174021.51,88.71,48.31,27634.18,176555.42,50.65,53.81
Plate 1,Experiment,Group,13 iso.fcs,13 iso,Experiment,None,,s-p+,BL1-H,YL1-H,908,20,45.4,0.07,0.145,475,458,471,379,511,309,189.92,274.14,39.98,59.85,196.44,142.33,41.71,37.55
Plate 1,Experiment,Group,13 iso.fcs,13 iso,Experiment,None,,s+p+,BL1-H,YL1-H,2595,20,129.75,0.199,0.414,3443,477,2753,361,2967,236,3128.17,467.32,90.86,98.01,1599.73,151.23,58.11,41.89
Plate 1,Experiment,Group,13 iso.fcs,13 iso,Experiment,None,,s-p-,BL1-H,YL1-H,111299,20,5564.95,8.545,17.749,449,77,434,75,841,86,209.19,35.33,46.57,45.9,232.77,35.58,53.63,47.44
Plate 1,Experiment,Group,13 iso.fcs,13 iso,Experiment,None,,s+p-,BL1-H,YL1-H,512287,20,25614.35,39.329,81.693,2761,87,2262,85,2261,93,2017.77,37.38,73.08,43.05,1126.78,37.06,49.81,43.61
Plate 1,Experiment,Group,13 iso.fcs,13 iso,Experiment,None,,Cells,BL1-H,YL1-H,627089,20,31354.45,48.143,48.143,2350,87,1969,83,2261,86,2040.53,56.76,86.82,65.06,1316.55,37.06,66.86,44.66
Plate 1,Experiment,Group,14 iso.fcs,14 iso,Experiment,None,N/A,All Events,N/A,N/A,1346449,20,67322.45,100,100,N/A,N/A,N/A,N/A,N/A,N/A,N/A,N/A,N/A,N/A,N/A,N/A,N/A,N/A
Plate 1,Experiment,Group,14 iso.fcs,14 iso,Experiment,None,,syto-pe-,BL1-H,YL1-H,292028,20,14601.4,21.689,62.163,640,83,627,80,964,86,296.49,35.71,46.35,43.21,357.31,35.58,56.99,44.48
Plate 1,Experiment,Group,14 iso.fcs,14 iso,Experiment,None,,syto-pe+,BL1-H,YL1-H,487,20,24.35,0.036,0.104,185,258,67,148,31,134,284.33,583.72,154.09,226.45,53.37,50.41,79.66,34.06
Plate 1,Experiment,Group,14 iso.fcs,14 iso,Experiment,None,,syto+pe+,BL1-H,YL1-H,22,20,1.1,0.002,0.005,3147,1281,2981,773,1664,712,1249.5,1730.71,39.7,135.11,1555.25,161.6,52.18,20.92
Plate 1,Experiment,Group,14 iso.fcs,14 iso,Experiment,None,,syto+pe-,BL1-H,YL1-H,153081,20,7654.05,11.369,32.586,2056,86,1803,84,1447,86,870.74,40.34,42.34,46.96,570.8,38.55,31.66,45.89
Plate 1,Experiment,Group,14 iso.fcs,14 iso,Experiment,None,,Cells,BL1-H,YL1-H,469776,20,23488.8,34.89,34.89,1125,84,917,81,964,86,859.92,44.82,76.44,53.64,661.24,37.06,72.11,45.76
Plate 1,Experiment,Group,14 iso.fcs,14 iso,Experiment,None,,Cells,FSC-H,SSC-H,469776,20,23488.8,34.89,34.89,72899,354927,50335,318818,42093,338561,63535.37,186897.83,87.16,52.66,25514.8,202983.5,50.69,63.67
Plate 1,Experiment,Group,14 iso.fcs,14 iso,Experiment,None,,s-p+,BL1-H,YL1-H,139,20,6.95,0.01,0.03,536,502,524,283,668,242,190.09,1027.42,35.46,204.81,232.77,65.23,44.42,23.05
Plate 1,Experiment,Group,14 iso.fcs,14 iso,Experiment,None,,s+p+,BL1-H,YL1-H,673,20,33.65,0.05,0.143,2762,350,2500,279,2775,239,1708.92,368.76,61.87,105.37,1404.02,54.86,56.16,19.66
Plate 1,Experiment,Group,14 iso.fcs,14 iso,Experiment,None,,s-p-,BL1-H,YL1-H,215171,20,10758.55,15.981,45.803,491,78,492,76,841,87,208.3,36.09,42.45,46.31,250.56,35.58,50.93,46.82
Plate 1,Experiment,Group,14 iso.fcs,14 iso,Experiment,None,,s+p-,BL1-H,YL1-H,253793,20,12689.65,18.849,54.024,1659,87,1403,85,964,86,831.26,36.8,50.12,42.11,558.94,37.06,39.84,43.61
Plate 1,Experiment,Group,14 iso.fcs,14 iso,Experiment,None,,Cells,BL1-H,YL1-H,469776,20,23488.8,34.89,34.89,1125,84,917,81,964,86,859.92,44.82,76.44,53.64,661.24,37.06,72.11,45.76
Plate 1,Experiment,Group,15 iso.fcs,15 iso,Experiment,None,N/A,All Events,N/A,N/A,1515348,20,75767.4,100,100,N/A,N/A,N/A,N/A,N/A,N/A,N/A,N/A,N/A,N/A,N/A,N/A,N/A,N/A
Plate 1,Experiment,Group,15 iso.fcs,15 iso,Experiment,None,,syto-pe-,BL1-H,YL1-H,506417,20,25320.85,33.419,64.258,641,80,638,77,963,86,309.01,36.64,48.22,45.71,383.99,34.1,60.19,44.29
Plate 1,Experiment,Group,15 iso.fcs,15 iso,Experiment,None,,syto-pe+,BL1-H,YL1-H,6896,20,344.8,0.455,0.875,928,986,1038,830,1296,496,464.52,713.84,50.04,72.38,452.19,593.04,43.56,71.45
Plate 1,Experiment,Group,15 iso.fcs,15 iso,Experiment,None,,syto+pe+,BL1-H,YL1-H,2902,20,145.1,0.192,0.368,2164,1548,1990,1371,1633,1799,585.52,861.66,27.06,55.67,390.67,732.4,19.64,53.42
Plate 1,Experiment,Group,15 iso.fcs,15 iso,Experiment,None,,syto+pe-,BL1-H,YL1-H,225368,20,11268.4,14.872,28.596,1814,85,1653,83,1446,93,670.15,43.5,36.94,51.26,391.41,38.55,23.68,46.44
Plate 1,Experiment,Group,15 iso.fcs,15 iso,Experiment,None,,Cells,BL1-H,YL1-H,788102,20,39405.1,52.008,52.008,1012,95,900,79,1133,86,692.21,154.75,68.39,163.06,621.21,37.06,69.02,46.92
Plate 1,Experiment,Group,15 iso.fcs,15 iso,Experiment,None,,Cells,FSC-H,SSC-H,788102,20,39405.1,52.008,52.008,66253,368474,52548,337459,46276,343138,47161.89,182395.93,71.18,49.5,26329.49,197927.84,50.11,58.65
Plate 1,Experiment,Group,15 iso.fcs,15 iso,Experiment,None,,s-p+,BL1-H,YL1-H,1895,20,94.75,0.125,0.24,597,806,644,578,843,239,193.38,604.52,32.4,75.01,192.74,422.54,29.93,73.1
Plate 1,Experiment,Group,15 iso.fcs,15 iso,Experiment,None,,s+p+,BL1-H,YL1-H,10458,20,522.9,0.69,1.327,1634,1045,1492,816,1296,1528,635.91,796.5,38.91,76.25,510.01,656.79,34.18,80.49
Plate 1,Experiment,Group,15 iso.fcs,15 iso,Experiment,None,,s-p-,BL1-H,YL1-H,365281,20,18264.05,24.105,46.349,478,74,479,71,842,86,217.6,34.41,45.5,46.64,268.35,34.1,56.02,48.03
Plate 1,Experiment,Group,15 iso.fcs,15 iso,Experiment,None,,s+p-,BL1-H,YL1-H,410468,20,20523.4,27.087,52.083,1473,86,1314,85,1133,87,624.7,35.93,42.4,41.67,437.37,35.58,33.29,41.86
Plate 1,Experiment,Group,15 iso.fcs,15 iso,Experiment,None,,Cells,BL1-H,YL1-H,788102,20,39405.1,52.008,52.008,1012,95,900,79,1133,86,692.21,154.75,68.39,163.06,621.21,37.06,69.02,46.92
Plate 1,Experiment,Group,Buffer.fcs,Buffer,Experiment,None,N/A,All Events,N/A,N/A,908093,30,30269.767,100,100,N/A,N/A,N/A,N/A,N/A,N/A,N/A,N/A,N/A,N/A,N/A,N/A,N/A,N/A
Plate 1,Experiment,Group,Buffer.fcs,Buffer,Experiment,None,,syto-pe-,BL1-H,YL1-H,2917,30,97.233,0.321,99.353,444,124,465,128,561,157,152.83,44.66,34.45,36.09,154.19,45.96,33.16,35.91
Plate 1,Experiment,Group,Buffer.fcs,Buffer,Experiment,None,,syto-pe+,BL1-H,YL1-H,1,30,0.033,0,0.034,N/A,N/A,N/A,N/A,N/A,N/A,N/A,N/A,N/A,N/A,N/A,N/A,N/A,N/A
Plate 1,Experiment,Group,Buffer.fcs,Buffer,Experiment,None,,syto+pe+,BL1-H,YL1-H,0,30,0,0,0,N/A,N/A,N/A,N/A,N/A,N/A,N/A,N/A,N/A,N/A,N/A,N/A,N/A,N/A
Plate 1,Experiment,Group,Buffer.fcs,Buffer,Experiment,None,,syto+pe-,BL1-H,YL1-H,1,30,0.033,0,0.034,N/A,N/A,N/A,N/A,N/A,N/A,N/A,N/A,N/A,N/A,N/A,N/A,N/A,N/A
Plate 1,Experiment,Group,Buffer.fcs,Buffer,Experiment,None,,Cells,BL1-H,YL1-H,2936,30,97.867,0.323,0.323,442,123,464,127,561,157,158.21,45.1,35.78,36.58,155.67,45.96,33.55,36.19
Plate 1,Experiment,Group,Buffer.fcs,Buffer,Experiment,None,,Cells,FSC-H,SSC-H,2936,30,97.867,0.323,0.323,65235,229848,54269,156431,46286,93527,37902.3,165129.13,58.1,71.84,25868.4,81740.18,47.67,52.25
Plate 1,Experiment,Group,Buffer.fcs,Buffer,Experiment,None,,s-p+,BL1-H,YL1-H,12,30,0.4,0.001,0.409,546,247,550,244,451,240,57.15,9.22,10.47,3.73,53.37,5.93,9.71,2.44
Plate 1,Experiment,Group,Buffer.fcs,Buffer,Experiment,None,,s+p+,BL1-H,YL1-H,0,30,0,0,0,N/A,N/A,N/A,N/A,N/A,N/A,N/A,N/A,N/A,N/A,N/A,N/A,N/A,N/A
Plate 1,Experiment,Group,Buffer.fcs,Buffer,Experiment,None,,s-p-,BL1-H,YL1-H,2916,30,97.2,0.321,99.319,440,123,462,127,561,157,153.16,44.51,34.81,36.27,156.41,45.96,33.86,36.19
Plate 1,Experiment,Group,Buffer.fcs,Buffer,Experiment,None,,s+p-,BL1-H,YL1-H,8,30,0.267,0.001,0.272,1096,149,900,157,857,157,460.21,25.41,41.99,17.05,66.72,28.91,7.41,18.47
Plate 1,Experiment,Group,Buffer.fcs,Buffer,Experiment,None,,Cells,BL1-H,YL1-H,2936,30,97.867,0.323,0.323,442,123,464,127,561,157,158.21,45.1,35.78,36.58,155.67,45.96,33.55,36.19
Plate 1,Experiment,Group,Unstained.fcs,Unstained,Experiment,None,N/A,All Events,N/A,N/A,819354,30,27311.8,100,100,N/A,N/A,N/A,N/A,N/A,N/A,N/A,N/A,N/A,N/A,N/A,N/A,N/A,N/A
Plate 1,Experiment,Group,Unstained.fcs,Unstained,Experiment,None,,syto-pe-,BL1-H,YL1-H,187612,30,6253.733,22.898,96.445,341,80,320,78,373,87,169.27,35.83,49.68,44.59,151.23,35.58,47.26,45.62
Plate 1,Experiment,Group,Unstained.fcs,Unstained,Experiment,None,,syto-pe+,BL1-H,YL1-H,827,30,27.567,0.101,0.425,73,145,53,140,25,129,57.21,38.06,78.19,26.19,35.58,37.06,67.14,26.47
Plate 1,Experiment,Group,Unstained.fcs,Unstained,Experiment,None,,syto+pe+,BL1-H,YL1-H,2,30,0.067,0,0.001,23170,1599,23170,1599,11384,802,16667.21,1126.42,71.94,70.47,17473.18,1180.89,75.41,73.87
Plate 1,Experiment,Group,Unstained.fcs,Unstained,Experiment,None,,syto+pe-,BL1-H,YL1-H,1827,30,60.9,0.223,0.939,2075,87,1833,83,1588,2,1101.22,59.92,53.07,68.6,782.81,51.89,42.71,62.52
Plate 1,Experiment,Group,Unstained.fcs,Unstained,Experiment,None,,Cells,BL1-H,YL1-H,194527,30,6484.233,23.742,23.742,353,80,319,78,374,86,277.71,37.36,78.73,46.67,155.67,37.06,48.8,47.52
Plate 1,Experiment,Group,Unstained.fcs,Unstained,Experiment,None,,Cells,FSC-H,SSC-H,194527,30,6484.233,23.742,23.742,92864,371183,55666,339669,37266,474970,107376.97,194855.36,115.63,52.5,34541.61,225559.79,62.05,66.41
Plate 1,Experiment,Group,Unstained.fcs,Unstained,Experiment,None,,s-p+,BL1-H,YL1-H,59,30,1.967,0.007,0.03,417,253,402,245,398,236,140.07,25.69,33.57,10.14,130.47,10.38,32.45,4.24
Plate 1,Experiment,Group,Unstained.fcs,Unstained,Experiment,None,,s+p+,BL1-H,YL1-H,46,30,1.533,0.006,0.024,4553,356,3500,284,4592,239,5096.17,322.63,111.94,90.61,2031.9,56.34,58.06,19.87
Plate 1,Experiment,Group,Unstained.fcs,Unstained,Experiment,None,,s-p-,BL1-H,YL1-H,189912,30,6330.4,23.178,97.628,326,80,314,77,374,86,155.87,36.48,47.82,45.87,151.23,35.58,48.16,46.21
Plate 1,Experiment,Group,Unstained.fcs,Unstained,Experiment,None,,s+p-,BL1-H,YL1-H,4510,30,150.333,0.55,2.318,1436,96,1091,93,876,87,813.21,40.62,56.64,42.19,290.59,38.55,26.64,41.45
Plate 1,Experiment,Group,Unstained.fcs,Unstained,Experiment,None,,Cells,BL1-H,YL1-H,194527,30,6484.233,23.742,23.742,353,80,319,78,374,86,277.71,37.36,78.73,46.67,155.67,37.06,48.8,47.52
Plate 1,Experiment,Group,PE.fcs,PE,Experiment,None,N/A,All Events,N/A,N/A,803628,30,26787.6,100,100,N/A,N/A,N/A,N/A,N/A,N/A,N/A,N/A,N/A,N/A,N/A,N/A,N/A,N/A
Plate 1,Experiment,Group,PE.fcs,PE,Experiment,None,,syto-pe-,BL1-H,YL1-H,87480,30,2916,10.886,43.319,340,97,313,81,374,92,178.59,70.16,52.54,72.46,151.23,71.16,48.31,87.86
Plate 1,Experiment,Group,PE.fcs,PE,Experiment,None,,syto-pe+,BL1-H,YL1-H,73025,30,2434.167,9.087,36.161,340,978,315,514,373,309,188.92,1936.27,55.54,197.9,163.09,318.76,51.77,62.02
Plate 1,Experiment,Group,PE.fcs,PE,Experiment,None,,syto+pe+,BL1-H,YL1-H,349,30,11.633,0.043,0.173,3461,9991,2379,1496,1770,778,4706.47,30306.04,135.98,303.34,899.94,1094.16,37.83,73.14
Plate 1,Experiment,Group,PE.fcs,PE,Experiment,None,,syto+pe-,BL1-H,YL1-H,1921,30,64.033,0.239,0.951,1542,86,1260,15,2145,2,1227.5,127.04,79.6,147.25,1151.98,19.27,91.43,128.49
Plate 1,Experiment,Group,PE.fcs,PE,Experiment,None,,Cells,BL1-H,YL1-H,201945,30,6731.5,25.129,25.129,347,418,305,130,373,0,355.79,1814.84,102.64,433.99,160.12,192.74,52.5,148.26
Plate 1,Experiment,Group,PE.fcs,PE,Experiment,None,,Cells,FSC-H,SSC-H,201945,30,6731.5,25.129,25.129,100139,401335,63834,380628,27294,536500,110402.24,193546.84,110.25,48.23,43600.3,231138.82,68.3,60.73
Plate 1,Experiment,Group,PE.fcs,PE,Experiment,None,,s-p+,BL1-H,YL1-H,71546,30,2384.867,8.903,35.428,345,944,333,513,373,309,162.83,1611.12,47.14,170.72,159.38,311.35,47.93,60.69
Plate 1,Experiment,Group,PE.fcs,PE,Experiment,None,,s+p+,BL1-H,YL1-H,2646,30,88.2,0.329,1.31,1587,3148,1094,625,863,296,2021.22,12655.15,127.35,401.98,293.55,461.83,26.83,73.95
Plate 1,Experiment,Group,PE.fcs,PE,Experiment,None,,s-p-,BL1-H,YL1-H,125128,30,4170.933,15.57,61.961,297,67,282,47,0,0,156.43,68.78,52.65,102.53,148.26,69.68,52.57,148.26
Plate 1,Experiment,Group,PE.fcs,PE,Experiment,None,,s+p-,BL1-H,YL1-H,2625,30,87.5,0.327,1.3,1490,77,1107,63,865,0,871.17,71.01,58.49,91.64,315.79,91.92,28.53,145.91
Plate 1,Experiment,Group,PE.fcs,PE,Experiment,None,,Cells,BL1-H,YL1-H,201945,30,6731.5,25.129,25.129,347,418,305,130,373,0,355.79,1814.84,102.64,433.99,160.12,192.74,52.5,148.26
Plate 1,Experiment,Group,SYTO.fcs,SYTO,Experiment,None,N/A,All Events,N/A,N/A,794090,30,26469.667,100,100,N/A,N/A,N/A,N/A,N/A,N/A,N/A,N/A,N/A,N/A,N/A,N/A,N/A,N/A
Plate 1,Experiment,Group,SYTO.fcs,SYTO,Experiment,None,,syto-pe-,BL1-H,YL1-H,140192,30,4673.067,17.654,64.107,613,77,605,74,963,87,308.26,33.98,50.3,44.28,372.13,34.1,61.51,46.08
Plate 1,Experiment,Group,SYTO.fcs,SYTO,Experiment,None,,syto-pe+,BL1-H,YL1-H,514,30,17.133,0.065,0.235,57,135,44,130,28,143,39.01,33,68.27,24.43,25.2,31.13,57.28,23.95
Plate 1,Experiment,Group,SYTO.fcs,SYTO,Experiment,None,,syto+pe+,BL1-H,YL1-H,2,30,0.067,0,0.001,41486,2813,41486,2813,39804,1755,2378.71,1495.53,5.73,53.17,2493.73,1567.85,6.01,55.75
Plate 1,Experiment,Group,SYTO.fcs,SYTO,Experiment,None,,syto+pe-,BL1-H,YL1-H,62469,30,2082.3,7.867,28.566,2234,78,1709,76,1446,87,3941.95,38.84,176.48,49.71,486.29,38.55,28.45,50.72
Plate 1,Experiment,Group,SYTO.fcs,SYTO,Experiment,None,,Cells,BL1-H,YL1-H,218684,30,7289.467,27.539,27.539,1094,77,840,74,0,87,3084.48,37.18,282.02,48.51,630.1,35.58,75.01,48.08
Plate 1,Experiment,Group,SYTO.fcs,SYTO,Experiment,None,,Cells,FSC-H,SSC-H,218684,30,7289.467,27.539,27.539,93323,397902,60343,376046,27296,558778,101074.39,192892.25,108.31,48.48,39580.97,228656.2,65.59,60.81
Plate 1,Experiment,Group,SYTO.fcs,SYTO,Experiment,None,,s-p+,BL1-H,YL1-H,22,30,0.733,0.003,0.01,613,256,644,246,642,245,171.89,36.05,28.02,14.09,155.67,13.34,24.17,5.42
Plate 1,Experiment,Group,SYTO.fcs,SYTO,Experiment,None,,s+p+,BL1-H,YL1-H,131,30,4.367,0.016,0.06,6639,342,4366,268,1822,245,7276.19,346.13,109.59,101.32,3771.73,40.03,86.39,14.94
Plate 1,Experiment,Group,SYTO.fcs,SYTO,Experiment,None,,s-p-,BL1-H,YL1-H,110262,30,3675.4,13.885,50.421,450,72,460,69,0,87,236.24,34.51,52.46,48.21,286.14,34.1,62.2,49.42
Plate 1,Experiment,Group,SYTO.fcs,SYTO,Experiment,None,,s+p-,BL1-H,YL1-H,108269,30,3608.967,13.634,49.509,1742,81,1342,79,1133,87,4268.12,35.98,244.97,44.18,487.78,35.58,36.35,45.04
Plate 1,Experiment,Group,SYTO.fcs,SYTO,Experiment,None,,Cells,BL1-H,YL1-H,218684,30,7289.467,27.539,27.539,1094,77,840,74,0,87,3084.48,37.18,282.02,48.51,630.1,35.58,75.01,48.08
