Codon,AA,Name
AAA,Lys,Lysine
AAC,Asn,Asparagine
AAG,Lys,Lysine
AAT,Asn,Asparagine
ACA,Thr,Threonine
ACC,Thr,Threonine
ACG,Thr,Threonine
ACT,Thr,Threonine
AGA,Arg,Arginine
AGC,Ser,Serine
AGG,Arg,Arginine
AGT,Ser,Serine
ATA,Ile,Isoleucine
ATC,Ile,Isoleucine
ATG,Met,Methionine
ATT,Ile,Isoleucine
CAA,Gln,Glutamine
CAC,His,Histidine
CAG,Gln,Glutamine
CAT,His,Histidine
CCA,Pro,Proline
CCC,Pro,Proline
CCG,Pro,Proline
CCT,Pro,Proline
CGA,Arg,Arginine
CGC,Arg,Arginine
CGG,Arg,Arginine
CGT,Arg,Arginine
CTA,Leu,Leucine
CTC,Leu,Leucine
CTG,Leu,Leucine
CTT,Leu,Leucine
GAA,Glu,Glutamic_acid
GAC,Asp,Aspartic_acid
GAG,Glu,Glutamic_acid
GAT,Asp,Aspartic_acid
GCA,Ala,Alanine
GCC,Ala,Alanine
GCG,Ala,Alanine
GCT,Ala,Alanine
GGA,Gly,Glycine
GGC,Gly,Glycine
GGG,Gly,Glycine
GGT,Gly,Glycine
GTA,Val,Valine
GTC,Val,Valine
GTG,Val,Valine
GTT,Val,Valine
TAA,Stp,Stop
TAC,Tyr,Tyrosine
TAG,Stp,Stop
TAT,Tyr,Tyrosine
TCA,Ser,Serine
TCC,Ser,Serine
TCG,Ser,Serine
TCT,Ser,Serine
TGA,Stp,Stop
TGC,Cys,Cysteine
TGG,Trp,Tryptophan
TGT,Cys,Cysteine
TTA,Leu,Leucine
TTC,Phe,Phenylalanine
TTG,Leu,Leucine
TTT,Phe,Phenylalanine
